[{
    "image": "https://media-cdn.tripadvisor.com/media/photo-s/27/a3/20/95/amanjiwo-best-restaurant.jpg",
    "cafeName": "Amanjiwo Restaurant",
    "cafeAddress": "Desa Majaksingi, Borobudur, Magelang 56553 Indonesia",
    "rating": "4.5 ",
    "CUISINES": "Asian, Indonesian, International",
    "Special_Diets": "Vegetarian Friendly, Gluten Free Options, Vegan Options",
    "Meals": "Breakfast, Lunch, Dinner, Brunch, Drinks",
    "FEATURES": "Reservations, Outdoor Seating, Seating, Parking Available, Serves Alcohol, Free Wifi, Table Service, Validated Parking, Valet Parking, Highchairs Available, Full Bar, Wine and Beer, Accepts Credit Cards, Non-smoking restaurants"
}, {
    "image": "https://media-cdn.tripadvisor.com/media/photo-s/12/c3/d5/a7/20180426-184105-largejpg",
    "cafeName": "Spiegel Bar & Bistro",
    "cafeAddress": "Jl. Let. Jend. Suprapto 34 Kota Lama, Semarang 50174 Indonesia",
    "rating": "4.0 ",
    "PRICE_RANGE": "IDR 18,000 - IDR 195,000",
    "CUISINES": "Italian, American, Bar, Cafe, European, Wine Bar, Contemporary",
    "Special_Diets": "Vegetarian Friendly, Vegan Options, Gluten Free Options",
    "Meals": "Breakfast, Lunch, Dinner, Brunch, Late Night, Drinks",
    "FEATURES": "Takeout, Reservations, Seating, Parking Available, Street Parking, Free off-street parking, Television, Highchairs Available, Serves Alcohol, Full Bar, Wine and Beer, Accepts Mastercard, Accepts Visa, Free Wifi, Accepts Credit Cards, Table Service, Live Music"
}, {
    "image": "https://media-cdn.tripadvisor.com/media/photo-s/16/db/e2/44/ini-adalah-tampilan-dari.jpg",
    "cafeName": "Soto Gading",
    "cafeAddress": "Jl. Brigjen. Sudiarta no.75, Solo Indonesia",
    "rating": "4.0 ",
    "CUISINES": "Asian, Indonesian, Soups",
    "Special_Diets": "Halal",
    "Meals": "Breakfast, Lunch, Brunch",
    "FEATURES": "Takeout, Seating, Parking Available, Table Service"
}, {
    "image": "https://media-cdn.tripadvisor.com/media/photo-s/0a/44/1d/3b/food-items.jpg",
    "cafeName": "Cafe Tiga Tjeret",
    "cafeAddress": "Jl. Ronggowarsito no. 97 Ngarsopuro, Solo 57131 Indonesia",
    "rating": "4.0 ",
    "CUISINES": "Cafe, Fast Food, Asian, Indonesian",
    "Special_Diets": "Vegetarian Friendly, Vegan Options, Halal",
    "Meals": "Lunch, Dinner, Late Night",
    "FEATURES": "Takeout, Reservations, Outdoor Seating, Seating, Parking Available, Free Wifi, Live Music"
}, {
    "image": "https://media-cdn.tripadvisor.com/media/photo-s/0e/39/54/3a/photo2jpg",
    "cafeName": "Nestcology",
    "cafeAddress": "Jln. Tambora 5A, Semarang 50251 Indonesia",
    "rating": "4.0 ",
    "CUISINES": "European, Indonesian, International",
    "Special_Diets": "Vegetarian Friendly, Vegan Options, Halal",
    "Meals": "Lunch, Dinner",
    "FEATURES": "Takeout, Reservations, Outdoor Seating, Seating, Wheelchair Accessible, Serves Alcohol, Table Service, Live Music"
}, {
    "image": "https://media-cdn.tripadvisor.com/media/photo-o/18/01/ff/4c/the-cafe-bar.jpg",
    "cafeName": "Yellow Truck",
    "cafeAddress": "Jl. Kebangkitan Nasional no. 35, Solo Indonesia",
    "rating": "4.0 ",
    "CUISINES": "Fast Food"
}, {
    "image": "https://media-cdn.tripadvisor.com/media/photo-s/17/73/f5/cd/panfried-aust-s-beef.jpg",
    "cafeName": "The Bean Garden Coffee & Eatery",
    "cafeAddress": "Jl. Pugeran, Ring Road Utara Maguwoharjo, Depok 55281 Indonesia",
    "rating": "4.0 ",
    "CUISINES": "Italian, American, Cafe, Asian, Indonesian",
    "Meals": "Breakfast, Lunch, Dinner, Brunch, Drinks",
    "FEATURES": "Takeout, Buffet, Seating, Parking Available, Free Wifi, Accepts Credit Cards"
}, {
    "image": "",
    "cafeName": "Dapur Mbah Lemu",
    "cafeAddress": "Semoyan 19 Singosaren Banguntapan Bantul, Yogyakarta 55193 Indonesia",
    "rating": ""
}, {
    "image": "https://media-cdn.tripadvisor.com/media/photo-s/29/8c/46/69/rumah-el-munaa.jpg",
    "cafeName": "Rumah El Munaa",
    "cafeAddress": "Jl. Turgo km 0, 8 Purwobinangun Pakem Sleman Yogya Wringin RT 03 RW 16 Purwobinangun Pakem Sleman Yogyakarta, Yogyakarta 55582 Indonesia",
    "rating": "",
    "CUISINES": "Asian, Indonesian",
    "Meals": "Drinks"
}, {
    "image": "",
    "cafeName": "Jahemerah mbok ayu",
    "cafeAddress": "Peru.ahan griya kurnia 2 blok C6 Sumbermulyo kepek wonosari gunungkidul DIY, Yogyakarta 55813 Indonesia",
    "rating": "",
    "CUISINES": "Asian",
    "Meals": "Drinks"
}, {
    "image": "",
    "cafeName": "Hyro crispy and snack",
    "cafeAddress": "Ponggalan UH 7/20 Giwangan umbul harjo, Yogyakarta 55163 Indonesia",
    "rating": "",
    "CUISINES": "Asian, Indonesian",
    "Meals": "Breakfast, Lunch, Dinner, Brunch, Late Night, Drinks"
}, {
    "image": "https://media-cdn.tripadvisor.com/media/photo-s/29/f7/e4/3e/osea-cafe-resto-bar-osea.jpg",
    "cafeName": "Osea Resto & Bar",
    "cafeAddress": "Jl. Pakem - Turi km.1, Harjobinangun,Sleman Jl. Pakem - Turi km.1, Harjobinangun, Pakem, Sleman, Daerah Istimewa Yogyakarta, Yogyakarta 55582 Indonesia",
    "rating": "",
    "CUISINES": "Italian, French, European, Asian, Indonesian",
    "Meals": "Lunch, Dinner, Brunch, Drinks"
}, {
    "image": "",
    "cafeName": "Le Papito Coffee, Pastry & Eatery",
    "cafeAddress": "Jl. Palagan Tentara Pelajar KM.7 CityWalk Mataram City, Yogyakarta 55581 Indonesia",
    "rating": "",
    "CUISINES": "Italian, International, Asian, Indonesian",
    "Meals": "Breakfast, Lunch, Dinner, Brunch, Drinks",
    "FEATURES": "Delivery, Outdoor Seating, Seating, Parking Available, Serves Alcohol, Wine and Beer, Free Wifi"
}, {
    "image": "",
    "cafeName": "Pastel & Risoles Momy",
    "cafeAddress": "Jlegongan margorejo rt 07 rw 28 tempel, Yogyakarta 55552 Indonesia",
    "rating": "",
    "Meals": "Breakfast, Lunch, Dinner"
}, {
    "image": "",
    "cafeName": "Butik Food & Beverage",
    "cafeAddress": "Kitren Ii/549 Rt 023/rw 005 Kotagede Yogyakarta, Yogyakarta 55172 Indonesia",
    "rating": "",
    "CUISINES": "Asian, Indonesian",
    "Meals": "Breakfast, Lunch, Dinner"
}, {
    "image": "",
    "cafeName": "Dapur Mbah Lemu",
    "cafeAddress": "Semoyan 46 Singosaren Banguntapan Bantul, Yogyakarta 55193 Indonesia",
    "rating": ""
}, {
    "image": "",
    "cafeName": "Angkringanqu Skybar",
    "cafeAddress": "Glondong, Panggungharjo, Sewon, Bantul, Yogyakarta Indonesia",
    "rating": "",
    "CUISINES": "Asian, Indonesian"
}, {
    "image": "",
    "cafeName": "Susu Kurma by YoumeFood",
    "cafeAddress": "Plosokuning IV Rt 18, Yogyakarta 55285 Indonesia",
    "rating": "",
    "Meals": "Drinks",
    "FEATURES": "Delivery, Takeout, Parking Available, Street Parking, Digital Payments"
}, {
    "image": "",
    "cafeName": "Coffee Container - CLOSED",
    "cafeAddress": "Jl. HOS Cokroaminoto No. 170, Yogyakarta 55244 Indonesia",
    "rating": "",
    "PRICE_RANGE": "IDR 5,000 - IDR 15,000",
    "CUISINES": "African, Asian, Indonesian"
}, {
    "image": "https://media-cdn.tripadvisor.com/media/photo-s/1c/95/4f/42/new-logo-company-joglomenoreh.jpg",
    "cafeName": "Joglo Menoreh Resto & Homestay",
    "cafeAddress": "Jalan Watu Murah JatiSarono Nanggulan, KulonProgo, Yogyakarta 55671 Indonesia",
    "rating": "",
    "PRICE_RANGE": "IDR 10,000 - IDR 65,000",
    "CUISINES": "Cafe, Asian, Healthy, Indonesian, Singaporean",
    "Meals": "Breakfast, Lunch, Dinner, Brunch, Drinks",
    "FEATURES": "Delivery, Takeout, Outdoor Seating, Buffet, Private Dining, Seating, Parking Available, Street Parking, Television, Highchairs Available, Digital Payments, Cash Only, Free Wifi, Accepts Credit Cards, Table Service, Live Music, Family style, Gift Cards Available"
}, {
    "image": "",
    "cafeName": "Kopi Soji",
    "cafeAddress": "Jl. Gamping - Bantulan Patukan Ambarketawang Sleman Daerah Istimewa Yogyakarta, Yogyakarta 55294 Indonesia",
    "rating": "",
    "CUISINES": "Asian, Indonesian"
}, {
    "image": "",
    "cafeName": "Teman Seruput Coffee & Eatery",
    "cafeAddress": "Jl. Kabupaten Km 2, Gamping, Sleman, Yogyakarta, Yogyakarta Indonesia",
    "rating": "",
    "CUISINES": "Asian",
    "Meals": "Breakfast, Lunch, Dinner"
}, {
    "image": "",
    "cafeName": "Pabriek Kopinata ",
    "cafeAddress": "Lemahdadi RT 01, Bangunjiwo, Kasihan, Bantul, diy Rumah warna biru, Yogyakarta 55184 Indonesia",
    "rating": "",
    "CUISINES": "Asian, Indonesian",
    "Meals": "Drinks",
    "FEATURES": "Delivery, Takeout, Outdoor Seating, Seating, Parking Available, Street Parking, Digital Payments, Cash Only, Jazz Bar"
}, {
    "image": "https://media-cdn.tripadvisor.com/media/photo-s/12/4c/3a/95/img-20171103-wa0034-largejpg",
    "cafeName": "Fish & Pasta",
    "cafeAddress": "Jl. Colombo No. 105B, Sleman 55281 Indonesia",
    "rating": "4.5 ",
    "Meals": "Lunch, Dinner"
}, {
    "image": "https://media-cdn.tripadvisor.com/media/photo-s/10/80/0c/e4/getlstd-property-photo.jpg",
    "cafeName": "Moksh Indian Kitchen and Bar - CLOSED",
    "cafeAddress": "Jl. Parangtritis No. 95, Brontokusuman 55143 Indonesia",
    "rating": "3.0 ",
    "PRICE_RANGE": "IDR 22,000 - IDR 100,000",
    "CUISINES": "Bar",
    "FEATURES": "Reservations"
}, {
    "image": "https://media-cdn.tripadvisor.com/media/photo-s/22/fb/de/f5/nanamia-mozes-gatotkaca.jpg",
    "cafeName": "Nanamia Pizzeria",
    "cafeAddress": "Jl. Mozes Gatotkaca B9-14, Caturtunggal 55281 Indonesia",
    "rating": "4.0 ",
    "CUISINES": "Italian",
    "Special_Diets": "Halal, Vegetarian Friendly, Vegan Options",
    "Meals": "Lunch, Dinner",
    "FEATURES": "Takeout, Outdoor Seating, Seating, Parking Available, Street Parking, Highchairs Available, Wheelchair Accessible, Accepts Mastercard, Accepts Visa, Delivery, Reservations, Serves Alcohol, Accepts Credit Cards, Table Service"
}, {
    "image": "https://media-cdn.tripadvisor.com/media/photo-s/0c/d9/20/10/img-20160905-200752-1.jpg",
    "cafeName": "J.Co",
    "cafeAddress": "Jln. Laksda Adisucipto A - 35, Ground Floor, Plaza Ambarukmo, Caturtunggal 55281 Indonesia",
    "rating": "4.0 ",
    "Meals": "Brunch"
}, {
    "image": "https://media-cdn.tripadvisor.com/media/photo-s/21/5c/fb/51/restaurant.jpg",
    "cafeName": "The Samara",
    "cafeAddress": "Jl. Laksda Adisucipto No.82 Grand Ambarrukmo Hotel, Depok 55281 Indonesia",
    "rating": "5.0 ",
    "PRICE_RANGE": "IDR 35,000 - IDR 300,000",
    "CUISINES": "European, Asian, Indonesian, Healthy, Southwestern",
    "Special_Diets": "Vegetarian Friendly, Vegan Options",
    "Meals": "Breakfast, Lunch, Dinner, Brunch, Drinks",
    "FEATURES": "Reservations, Outdoor Seating, Seating, Parking Available, Highchairs Available, Free Wifi, Table Service, Buffet, Accepts Credit Cards"
}, {
    "image": "https://media-cdn.tripadvisor.com/media/photo-s/1c/bd/90/9b/tempat-yang-sangat-nyaman.jpg",
    "cafeName": "Melali Coffee & Bowls",
    "cafeAddress": "Jl. Letjen Suprapto No. 111, Yogyakarta 55261 Indonesia",
    "rating": "5.0 ",
    "CUISINES": "Italian, Japanese, Asian, Indonesian"
}, {
    "image": "",
    "cafeName": "Kopikabana Coffee & Kitchen",
    "cafeAddress": "Jl. Prof. Herman Yohanes GK 5/1062 Terban, Yogyakarta 55223 Indonesia",
    "rating": "4.0 ",
    "CUISINES": "Cafe"
}]