[{
    "image": "https://media-cdn.tripadvisor.com/media/photo-s/10/1b/42/c6/sucesso-coffee-resto.jpg",
    "cafeName": "Sucesso Coffee & Resto",
    "cafeAddress": "Jl. Magelang Km .1 No. 61 Uniq Hotel, Yogyakarta 55242 Indonesia",
    "rating": "5.0 "
}, {
    "image": "https://media-cdn.tripadvisor.com/media/photo-s/15/8f/be/02/sunday-morning-our-banana.jpg",
    "cafeName": "Journey Coffee & Records",
    "cafeAddress": "Jl Colombo no.37, Yogyakarta 55281 Indonesia",
    "rating": "",
    "PRICE_RANGE": "IDR 10,000 - IDR 30,000",
    "CUISINES": "Asian, Indonesian, American",
    "Meals": "Lunch, Dinner, Late Night, Drinks",
    "FEATURES": "Delivery, Takeout, Reservations, Outdoor Seating, Seating, Parking Available, Street Parking, Highchairs Available, Digital Payments, Free Wifi, Accepts Credit Cards"
}, {
    "image": "",
    "cafeName": "Lingua Coffee And Eatery",
    "cafeAddress": "Magelang St No.71, Kricak, Yogyakarta 55242 Indonesia",
    "rating": ""
}, {
    "image": "",
    "cafeName": "Maji coffee and eatery",
    "cafeAddress": "Jalan Sorowajan baru Yogyakarta Jalam Sorowajan Baru ( Utara JEC ) Yogyakarta, Yogyakarta 55198 Indonesia",
    "rating": "",
    "CUISINES": "Asian, Indonesian",
    "Meals": "Breakfast, Lunch, Dinner, Brunch, Late Night, Drinks",
    "FEATURES": "Delivery, Reservations, Outdoor Seating, Parking Available, Television, Wheelchair Accessible, Accepts Mastercard, Accepts Visa, Digital Payments, Cash Only, Free Wifi, Accepts Credit Cards"
}, {
    "image": "https://media-cdn.tripadvisor.com/media/photo-s/10/fc/a0/d9/chicken-katsu.jpg",
    "cafeName": "Unique Coffee & Gallery - CLOSED",
    "cafeAddress": "Jl. Parangtritis No.63, Yogyakarta 55153 Indonesia",
    "rating": "",
    "CUISINES": "Asian, Indonesian"
}, {
    "image": "https://media-cdn.tripadvisor.com/media/photo-s/12/df/ba/e8/getlstd-property-photo.jpg",
    "cafeName": "Upnormal Coffee Roasters Kaliurang",
    "cafeAddress": "Jl. Kaliurang KM 5.6, Gang Pandega Karya No 209, Depok 55281 Indonesia",
    "rating": "3.5 ",
    "CUISINES": "Cafe, Asian, Indonesian"
}, {
    "image": "https://media-cdn.tripadvisor.com/media/photo-s/29/7e/83/b8/menunya-enak2-harga-ekonomis.jpg",
    "cafeName": "SalSari Resto & Coffee",
    "cafeAddress": "Jl. Nasional III No.4, Logandeng, Kec. Playen, Yogyakarta 55861 Indonesia",
    "rating": "",
    "CUISINES": "European, Asian, Indonesian",
    "Meals": "Lunch, Dinner, Drinks",
    "FEATURES": "Takeout, Reservations, Buffet, Private Dining, Seating, Parking Available, Accepts Mastercard, Accepts Visa, Digital Payments, Free Wifi, Accepts Credit Cards, Table Service, Live Music, Playgrounds, Family style"
}, {
    "image": "",
    "cafeName": "DE.RIMBUN Coffee & Eatery",
    "cafeAddress": "Jl. Sidomulyo No.4, Manukan, Condong Catur, DIY, Yogyakarta 55283 Indonesia",
    "rating": "",
    "CUISINES": "Asian, Indonesian",
    "Meals": "Breakfast, Lunch, Dinner, Brunch, Drinks",
    "FEATURES": "Reservations, Outdoor Seating, Seating, Parking Available, Digital Payments, Cash Only, Free Wifi, Drive Thru"
}, {
    "image": "https://media-cdn.tripadvisor.com/media/photo-s/27/9c/ba/a7/manual-brew-on-efreeday.jpg",
    "cafeName": "Efreeday Coffee & Eatery",
    "cafeAddress": "Jl. Pakem 1, Pakembinangun, Yogyakarta 55582 Indonesia",
    "rating": "",
    "CUISINES": "Asian, Diner, Wine Bar, Indonesian"
}, {
    "image": "https://media-cdn.tripadvisor.com/media/photo-s/1a/22/f6/23/kopi.jpg",
    "cafeName": "Kedai Filosofi Kopi, Yogya",
    "cafeAddress": "Jl. Pandhawa No.001/17 Tegal Rejo, Sariharjo, Ngaglik 55581 Indonesia",
    "rating": "4.0 ",
    "PRICE_RANGE": "IDR 793,651,008 - IDR 1,587,302,016",
    "CUISINES": "Indonesian",
    "FEATURES": "Takeout, Seating"
}, {
    "image": "https://media-cdn.tripadvisor.com/media/photo-s/15/1f/02/03/banyumili-restaurant.jpg",
    "cafeName": "Banyumili Restaurant & Swimming Pool",
    "cafeAddress": "Jalan Godean KM. 4,5 (Perumahan Griya Mahkota, Kwarasan), Sleman, DI Yogyakarta, Indonesia, Sleman Indonesia",
    "rating": "3.5 ",
    "CUISINES": "Seafood, Indonesian, Asian",
    "Special_Diets": "Halal",
    "Meals": "Lunch, Breakfast, Dinner",
    "FEATURES": "Takeout, Reservations, Outdoor Seating, Seating, Table Service"
}, {
    "image": "https://media-cdn.tripadvisor.com/media/photo-s/14/ff/89/f6/20181007-231641-largejpg",
    "cafeName": "Gudeg Bromo",
    "cafeAddress": "Jln. Gejayan, Sleman 55281 Indonesia",
    "rating": "4.5 ",
    "CUISINES": "Asian, Indonesian",
    "Special_Diets": "Halal",
    "Meals": "Dinner",
    "FEATURES": "Takeout"
}, {
    "image": "https://media-cdn.tripadvisor.com/media/photo-s/1a/9e/1d/a3/beaneka-coffee.jpg",
    "cafeName": "Beaneka Coffee",
    "cafeAddress": "Jl. Jomegatan No.23a Tegal Senggotan, Tirtonirmolo, Kasihan 55184 Indonesia",
    "rating": "5.0 ",
    "PRICE_RANGE": "IDR 5,000 - IDR 17,000",
    "CUISINES": "Asian, Indonesian",
    "Meals": "Lunch, Dinner, Drinks",
    "FEATURES": "Reservations, Outdoor Seating, Seating, Parking Available, Street Parking, Free off-street parking, Digital Payments, Free Wifi"
}, {
    "image": "https://media-cdn.tripadvisor.com/media/photo-s/08/86/1e/0b/photo0jpg",
    "cafeName": "Tickles - CLOSED",
    "cafeAddress": "Jalan Kenari Nomor 4 Demangan Baru Demangan Baru, Caturtunggal, Depok 55281 Indonesia",
    "rating": "4.0 ",
    "PRICE_RANGE": "IDR 80,000 - IDR 150,000",
    "CUISINES": "Italian, British, Cafe, European",
    "Meals": "Brunch, Lunch, Dinner",
    "FEATURES": "Delivery, Takeout, Reservations, Outdoor Seating, Buffet, Seating, Parking Available, Street Parking, Accepts Mastercard, Accepts Visa, Cash Only, Free Wifi, Accepts Credit Cards, Live Music"
}, {
    "image": "",
    "cafeName": "Dwi Budiarti",
    "cafeAddress": "Jl.anyelir No.3-b,gejayan, Sleman Indonesia",
    "rating": ""
}, {
    "image": "https://media-cdn.tripadvisor.com/media/photo-s/0c/d4/6b/fc/ta-img-20160904-215612.jpg",
    "cafeName": "Kurabu Angkringan Kitchen And Coffee - CLOSED",
    "cafeAddress": "Jl. Affandi Santren, Caturtunggal 55281 Indonesia",
    "rating": "4.0 ",
    "CUISINES": "Asian"
}, {
    "image": "https://media-cdn.tripadvisor.com/media/photo-s/12/de/ff/98/nongkrong-di-homi-coffee.jpg",
    "cafeName": "Homi Coffee & Space",
    "cafeAddress": "Jl. Kenari no 7, Depok 55284 Indonesia",
    "rating": "4.0 "
}, {
    "image": "https://media-cdn.tripadvisor.com/media/photo-s/0f/3f/35/de/the-javaneses-traditional.jpg",
    "cafeName": "Projomino Resto & Outbound",
    "cafeAddress": "Jl. Wonosari Km. 6, Bantul 55198 Indonesia",
    "rating": "4.5 ",
    "Meals": "Lunch, Dinner"
}, {
    "image": "",
    "cafeName": "The Koffie Shop",
    "cafeAddress": "Gowok, Caturtunggal, Depok 55281 Indonesia",
    "rating": "4.0 "
}, {
    "image": "https://media-cdn.tripadvisor.com/media/photo-s/10/21/e0/9f/spot-asik-di-uppers-coffee.jpg",
    "cafeName": "Uppers Coffee Brewer - CLOSED",
    "cafeAddress": "Jl. Monjali No. 78, Sinduadi 55284 Indonesia",
    "rating": "4.0 ",
    "CUISINES": "Cafe",
    "Meals": "Lunch, Dinner"
}, {
    "image": "https://media-cdn.tripadvisor.com/media/photo-w/1a/3a/ac/3b/babi-guling-bima-kroda.jpg",
    "cafeName": "Babi Guling Bima Kroda",
    "cafeAddress": "Jl. Sorowajan RT 12/RW 11 Banguntapan, Bantul 55198 Indonesia",
    "rating": "4.5 ",
    "PRICE_RANGE": "IDR 17,000 - IDR 25,000",
    "CUISINES": "Asian, Indonesian",
    "Meals": "Lunch, Dinner",
    "FEATURES": "Reservations, Wheelchair Accessible, Takeout, Parking Available, Street Parking, Validated Parking, Cash Only, Seating, Table Service"
}, {
    "image": "https://media-cdn.tripadvisor.com/media/photo-s/1c/6c/74/c2/20201213-175529-largejpg",
    "cafeName": "Pacific Restaurant and Convention Hall",
    "cafeAddress": "Jalan Magelang Km 4.5 Depan TVRI, Sinduadi 55284 Indonesia",
    "rating": "3.5 ",
    "CUISINES": "Asian, Indonesian",
    "Meals": "Lunch, Dinner"
}, {
    "image": "https://media-cdn.tripadvisor.com/media/photo-s/0b/ae/be/11/de-vitello-steak-house.jpg",
    "cafeName": "De Vitello - Steak House & Pasta - CLOSED",
    "cafeAddress": "Jl. Laksda Adisucipto No. 23, Depok 55281 Indonesia",
    "rating": "4.5 ",
    "PRICE_RANGE": "IDR 15,000 - IDR 150,000",
    "CUISINES": "Steakhouse, European, Asian, Indonesian",
    "Meals": "Breakfast, Lunch, Dinner"
}, {
    "image": "https://media-cdn.tripadvisor.com/media/photo-s/29/a3/e2/4d/why-senja-for-us-twilight.jpg",
    "cafeName": "SENJA coffee & eatery",
    "cafeAddress": "Jalan Kaliurang KM 4,5 no.36, Kocoran, Caturtunggal Lantai UG, Sleman 55281 Indonesia",
    "rating": "5.0 ",
    "CUISINES": "Italian, European, Asian, Indonesian",
    "Meals": "Breakfast, Lunch, Dinner, Brunch",
    "FEATURES": "Delivery, Reservations, Accepts Mastercard, Accepts Visa, Free Wifi, Family style"
}, {
    "image": "https://media-cdn.tripadvisor.com/media/photo-s/11/4d/74/b5/getlstd-property-photo.jpg",
    "cafeName": "Kenes Bakery & Resto",
    "cafeAddress": "Jl. Affandi No.15, Caturtunggal 55281 Indonesia",
    "rating": "4.5 ",
    "CUISINES": "Deli",
    "FEATURES": "Seating"
}, {
    "image": "https://media-cdn.tripadvisor.com/media/photo-s/09/7a/4c/a5/ayam-geprek-bu-rum.jpg",
    "cafeName": "Ayam Geprek Bu Rum 1",
    "cafeAddress": "Jl. Wulung, Caturtunggal 55281 Indonesia",
    "rating": "4.5 ",
    "CUISINES": "Indonesian, Asian",
    "Special_Diets": "Halal",
    "Meals": "Lunch, Dinner",
    "FEATURES": "Takeout"
}, {
    "image": "",
    "cafeName": "Kurtoffie",
    "cafeAddress": "Jl. Ampel No.28 Papringan, Caturtunggal, Depok 55282 Indonesia",
    "rating": ""
}, {
    "image": "https://media-cdn.tripadvisor.com/media/photo-s/12/4e/19/a2/photo0jpg",
    "cafeName": "Kopilot Coffee and Bar",
    "cafeAddress": "Jl. STM Mrican no. 4A, Sleman 55281 Indonesia",
    "rating": "4.0 ",
    "CUISINES": "European, Central European, South American"
}, {
    "image": "",
    "cafeName": "Rockage Coffee And Music - CLOSED",
    "cafeAddress": "Monjali St No.147 Kutu Dukuh, Sinduadi 55284 Indonesia",
    "rating": "4.0 ",
    "Meals": "Lunch, Dinner"
}, {
    "image": "https://media-cdn.tripadvisor.com/media/photo-s/10/66/c3/94/photo0jpg",
    "cafeName": "Umar Restaurant and Shisha Cafe",
    "cafeAddress": "Jl.Bougenville CTX no. 1, Depok 55284 Indonesia",
    "rating": "4.0 ",
    "PRICE_RANGE": "IDR 10,000 - IDR 28,000",
    "CUISINES": "Indian, Cafe, Middle Eastern, Pakistani, Arabic"
}, {
    "image": "https://media-cdn.tripadvisor.com/media/photo-s/16/41/20/9f/our-coffee-bar.jpg",
    "cafeName": "Paperplane Coffee",
    "cafeAddress": "Jl. Pringgodani No.1B Mrican, Gejayan, Depok 55281 Indonesia",
    "rating": "",
    "PRICE_RANGE": "IDR 12,000 - IDR 30,000",
    "CUISINES": "Asian, Indonesian",
    "Meals": "Lunch, Dinner, Brunch, Drinks",
    "FEATURES": "Takeout, Seating, Street Parking, Free off-street parking, Digital Payments, Free Wifi"
}, {
    "image": "https://media-cdn.tripadvisor.com/media/photo-s/10/66/c3/94/photo0jpg",
    "cafeName": "Umar Restaurant and Shisha Cafe",
    "cafeAddress": "Jl.Bougenville CTX no. 1, Depok 55284 Indonesia",
    "rating": "4.0 ",
    "PRICE_RANGE": "IDR 10,000 - IDR 28,000",
    "CUISINES": "Indian, Cafe, Middle Eastern, Pakistani, Arabic"
}, {
    "image": "https://media-cdn.tripadvisor.com/media/photo-s/12/4e/19/a2/photo0jpg",
    "cafeName": "Kopilot Coffee and Bar",
    "cafeAddress": "Jl. STM Mrican no. 4A, Sleman 55281 Indonesia",
    "rating": "4.0 ",
    "CUISINES": "European, Central European, South American"
}, {
    "image": ""
}, {
    "image": "https://media-cdn.tripadvisor.com/media/photo-p/21/ff/a8/c8/ruangan-atas-senja-kemetiran.jpg",
    "cafeName": "SENJA coffee & eatery",
    "cafeAddress": "Jl. Tatabumi, Perum Gading Sari 1 No.2 Sleman Regency, Gamping 55293 Indonesia",
    "rating": "",
    "PRICE_RANGE": "IDR 15,000 - IDR 50,000",
    "CUISINES": "Asian, Indonesian"
}, {
    "image": "",
    "cafeName": "Celcius Cafe & Grill - CLOSED",
    "cafeAddress": "Jln. Laksda B Adi Sucipto Ambarukmo Plaza 2nd Floor, Caturtunggal 55281 Indonesia",
    "rating": "4.5 ",
    "CUISINES": "Cafe"
}, {
    "image": "",
    "cafeName": "Toko Ramira",
    "cafeAddress": "Gg. Anyelir Jl. Affandi No.3B Karang Gayam, Depok 55821 Indonesia",
    "rating": "",
    "CUISINES": "Asian",
    "Meals": "Drinks"
}, {
    "image": "https://media-cdn.tripadvisor.com/media/photo-s/09/ee/99/34/house-of-scherz.jpg",
    "cafeName": "House of Scherz",
    "cafeAddress": "Jl. Kenari Nomor no. 2 Ruko 3 Demangan Baru, Sleman 55281 Indonesia",
    "rating": "3.5 ",
    "PRICE_RANGE": "IDR 6,000 - IDR 50,000",
    "CUISINES": "Chinese, Steakhouse, Pizza",
    "Meals": "Dinner"
}, {
    "image": "",
    "cafeName": "Balcony Kitchen & Pastry",
    "cafeAddress": "Jl. Laksda Adi Sucipto 1st Floor, Ambarukmo Plaza, Caturtunggal 555281 Indonesia",
    "rating": ""
}, {
    "image": "https://media-cdn.tripadvisor.com/media/photo-o/13/5d/f9/4c/we-have-coffee-non-coffee.jpg",
    "cafeName": "Kronology Coffee - CLOSED",
    "cafeAddress": "Jl. Bougenville No. 1, Caturtunggal 55281 Indonesia",
    "rating": "4.5 ",
    "PRICE_RANGE": "IDR 238,095,008 - IDR 603,174,976",
    "Meals": "Breakfast, Lunch, Dinner, Drinks",
    "FEATURES": "Takeout, Reservations, Outdoor Seating, Seating, Street Parking, Free Wifi"
}, {
    "image": "https://media-cdn.tripadvisor.com/media/photo-s/12/c0/e4/45/this-is-we-are-just-me.jpg",
    "cafeName": "Amongcoffee",
    "cafeAddress": "Jl. Nusa Indah Perum Naga Asri Permai Blok B 12 Kwarasan, Nogotirto, Gamping 55592 Indonesia",
    "rating": "5.0 ",
    "PRICE_RANGE": "IDR 5,000 - IDR 25,000",
    "CUISINES": "European, Asian, Thai, Indonesian",
    "Meals": "Breakfast, Lunch, Drinks",
    "FEATURES": "Takeout, Outdoor Seating, Seating, Parking Available, Wheelchair Accessible, Free Wifi"
}, {
    "image": "https://media-cdn.tripadvisor.com/media/photo-s/0d/99/7c/b9/rip-eye-wagyunya-plus.jpg",
    "cafeName": "Pronto Premium Steak & Pasta",
    "cafeAddress": "Jl. Laksda Adisucipto no. 167 Musium Afandi, Depok 55221 Indonesia",
    "rating": "4.0 ",
    "CUISINES": "Steakhouse"
}, {
    "image": "https://media-cdn.tripadvisor.com/media/photo-s/0f/62/d2/06/getlstd-property-photo.jpg",
    "cafeName": "Pas Podjok Coffee, Art & Food",
    "cafeAddress": "Jl. Ring Road Selatan Tegal Krapyak RT.01 Panggungharjo Sewon, Bantul 55188 Indonesia",
    "rating": "",
    "CUISINES": "Asian, Indonesian, Cafe, Fast Food",
    "Meals": "Late Night, Drinks, Dinner",
    "FEATURES": "Takeout, Reservations, Outdoor Seating, Seating, Parking Available, Street Parking, Validated Parking, Free off-street parking, Television, Wheelchair Accessible, Accepts American Express, Accepts Mastercard, Accepts Visa, Digital Payments, Cash Only, Free Wifi, Accepts Discover"
}, {
    "image": "https://media-cdn.tripadvisor.com/media/photo-s/15/e9/bd/fd/img20181231123150-largejpg",
    "cafeName": "Parsley Bakery & Resto Jakal",
    "cafeAddress": "Jl. Kaliurang Km. 5.3 No. A19 Manggung, Depok 55281 Indonesia",
    "rating": "4.0 ",
    "CUISINES": "Asian, Indonesian, International, European",
    "Special_Diets": "Halal, Vegetarian Friendly",
    "Meals": "Breakfast, Lunch, Dinner, Brunch",
    "FEATURES": "Takeout, Reservations, Seating, Parking Available, Television, Free Wifi, Table Service"
}, {
    "image": "https://media-cdn.tripadvisor.com/media/photo-s/11/51/3c/c3/omah-dhuwur-terrace.jpg",
    "cafeName": "Omah Dhuwur Restaurant",
    "cafeAddress": "Jl. Mondorakan No. 252, Banguntapan 55192 Indonesia",
    "rating": "4.0 ",
    "PRICE_RANGE": "IDR 25,000 - IDR 112,000",
    "CUISINES": "Asian, Indonesian, International",
    "Special_Diets": "Halal",
    "Meals": "Lunch, Dinner",
    "FEATURES": "Takeout, Reservations, Outdoor Seating, Private Dining, Seating, Free Wifi, Table Service, Parking Available, Live Music"
}, {
    "image": "https://media-cdn.tripadvisor.com/media/photo-s/1a/19/c7/49/img20191106222849-largejpg",
    "cafeName": "Filosofi Kopi Semarang",
    "cafeAddress": "Jl. Letjen Suprapto No.61 - 63 Purwodinatan, Semarang 50137 Indonesia",
    "rating": "4.0 ",
    "PRICE_RANGE": "IDR 50,000 - IDR 100,000",
    "CUISINES": "Cafe, Asian, Indonesian"
}, {
    "image": "https://media-cdn.tripadvisor.com/media/photo-s/0a/90/30/67/rolled-french-toast.jpg",
    "cafeName": "Kolase Coffee",
    "cafeAddress": "Jl. Seturan Raya No.415, Depok 55281 Indonesia",
    "rating": "4.5 ",
    "PRICE_RANGE": "IDR 12,000 - IDR 25,000",
    "Meals": "Lunch, Dinner"
}, {
    "image": "https://media-cdn.tripadvisor.com/media/photo-w/12/20/52/db/iconic-gelato-bistro.jpg",
    "cafeName": "Iconic Gelato & Bistro",
    "cafeAddress": "Jl. Magelang Km 5.8 Kutu Patran, Sinduadi 55284 Indonesia",
    "rating": "4.5 ",
    "CUISINES": "Southwestern, Asian, Indonesian, Cafe",
    "Meals": "Lunch, Dinner, Brunch",
    "FEATURES": "Takeout, Reservations, Seating, Parking Available, Free Wifi, Accepts Credit Cards, Table Service, Outdoor Seating, Buffet"
}, {
    "image": "https://media-cdn.tripadvisor.com/media/photo-s/0a/df/53/cc/omah-sinten.jpg",
    "cafeName": "Omah Sinten",
    "cafeAddress": "Jln. Diponegoro 34, Solo 57131 Indonesia",
    "rating": "4.0 ",
    "CUISINES": "Asian, Indonesian",
    "Special_Diets": "Vegetarian Friendly, Vegan Options, Halal, Gluten Free Options",
    "Meals": "Breakfast, Lunch, Dinner, Brunch",
    "FEATURES": "Takeout, Reservations, Outdoor Seating, Seating, Parking Available, Free Wifi, Table Service"
}, {
    "image": "https://media-cdn.tripadvisor.com/media/photo-s/17/64/de/d6/20190503-154623-largejpg",
    "cafeName": "Thee Kultur",
    "cafeAddress": "Jl. Permata Raya Honggobayan, Dukuh Tegal Mulyo, Solo 57169 Indonesia",
    "rating": "4.5 ",
    "PRICE_RANGE": "IDR 17,000 - IDR 100,000",
    "CUISINES": "Dutch, European, Asian, Indonesian",
    "Meals": "Lunch, Dinner",
    "FEATURES": "Reservations, Outdoor Seating, Private Dining, Parking Available, Street Parking, Validated Parking, Full Bar, Digital Payments, Free Wifi, Accepts Credit Cards"
}, {
    "image": "https://media-cdn.tripadvisor.com/media/photo-s/10/c5/68/cc/dessert-ad-fruit.jpg",
    "cafeName": "Kemangi Bistro",
    "cafeAddress": "Jalan Palagan Tentara Pelajar Hyatt Regency Yogyakarta, Sariharjo 55581 Indonesia",
    "rating": "4.0 ",
    "CUISINES": "Indonesian, Italian, European, Asian",
    "Special_Diets": "Vegetarian Friendly",
    "Meals": "Breakfast, Lunch, Dinner, Brunch",
    "FEATURES": "Reservations, Outdoor Seating, Seating, Highchairs Available, Wheelchair Accessible, Table Service"
}, {
    "image": "https://media-cdn.tripadvisor.com/media/photo-s/07/37/6d/26/single-origins.jpg",
    "cafeName": "Ngopi Serius",
    "cafeAddress": "Jln. Melati No. 7 Purwosari, Laweyan, Belakang RS Kasih Ibu, Solo 57142 Indonesia",
    "rating": "4.0 ",
    "CUISINES": "Cafe, Asian, Indonesian"
}, {
    "image": "https://media-cdn.tripadvisor.com/media/photo-s/1c/96/c1/d7/lantai-ii-sekutu-kopi.jpg",
    "cafeName": "Sekutu Kopi",
    "cafeAddress": "Jl. Brigjend Slamet Riyadi No. 116 Keprabon, Banjarsari, Solo 57151 Indonesia",
    "rating": "4.5 ",
    "PRICE_RANGE": "IDR 15,000 - IDR 35,000",
    "CUISINES": "Chinese, American, Indonesian, Cafe",
    "Meals": "Breakfast, Lunch, Dinner",
    "FEATURES": "Takeout"
}, {
    "image": "https://media-cdn.tripadvisor.com/media/photo-s/16/c3/2f/ac/dutch-bitter-balls.jpg",
    "cafeName": "Excelso Cafe",
    "cafeAddress": "Jln. Simpang No. 1 Mall Ciputra Semarang, Semarang 50132 Indonesia",
    "rating": "4.0 ",
    "CUISINES": "Cafe",
    "Meals": "Lunch, Dinner",
    "FEATURES": "Seating, Wheelchair Accessible"
}, {
    "image": "https://media-cdn.tripadvisor.com/media/photo-s/10/1f/bb/59/photo3jpg",
    "cafeName": "Tekodeko Koffiehuis",
    "cafeAddress": "Jl. Letjen Suprapto no. 44 Kota Lama, Semarang 50174 Indonesia",
    "rating": "4.0 ",
    "PRICE_RANGE": "IDR 30,000 - IDR 50,000",
    "CUISINES": "Indonesian, Cafe, Asian",
    "Special_Diets": "Halal",
    "Meals": "Lunch, Dinner, Brunch, Drinks",
    "FEATURES": "Takeout, Reservations, Outdoor Seating, Seating, Parking Available, Street Parking, Free Wifi, Buffet, Accepts American Express, Accepts Mastercard, Accepts Visa, Digital Payments, Cash Only, Highchairs Available, Accepts Credit Cards"
}, {
    "image": "https://media-cdn.tripadvisor.com/media/photo-s/0e/df/f2/da/bruschetta.jpg",
    "cafeName": "The Cabin Coffee Bar",
    "cafeAddress": "Jln. Sudirman no. 139, Magelang 56126 Indonesia",
    "rating": "4.5 ",
    "PRICE_RANGE": "IDR 30,000 - IDR 150,000",
    "CUISINES": "Cafe"
}, {
    "image": "https://media-cdn.tripadvisor.com/media/photo-s/15/00/67/d7/area-kerja-barista.jpg",
    "cafeName": "Cold N Brew",
    "cafeAddress": "Jl. Veteran no. 136, Solo 57117 Indonesia",
    "rating": "4.5 ",
    "CUISINES": "Cafe",
    "Meals": "Breakfast, Brunch, Lunch",
    "FEATURES": "Seating"
}, {
    "image": "https://media-cdn.tripadvisor.com/media/photo-s/0c/4a/53/bd/20160729-204520-largejpg",
    "cafeName": "SOCIETY Coffee House",
    "cafeAddress": "Jln. Prof. Dr Sukarso No 9B, Purwokerto 53114 Indonesia",
    "rating": "4.0 ",
    "PRICE_RANGE": "IDR 15,000 - IDR 40,000",
    "CUISINES": "Cafe",
    "Meals": "Lunch, Dinner",
    "FEATURES": "Takeout, Parking Available, Street Parking, Highchairs Available, Cash Only, Free Wifi"
}, {
    "image": "https://media-cdn.tripadvisor.com/media/photo-s/11/38/ad/69/getlstd-property-photo.jpg",
    "cafeName": "Kayu Manis Coffee",
    "cafeAddress": "Jl. Slamet Riyadi no. 158-162, Solo 57131 Indonesia",
    "rating": "4.5 ",
    "PRICE_RANGE": "IDR 8,000 - IDR 275,000",
    "CUISINES": "Italian, American, Steakhouse, Asian, Indonesian"
}, {
    "image": "",
    "cafeName": "Angkringan Mampirsek",
    "cafeAddress": "Jalan Lapangan Karang Kotagede, Bantul 55798 Indonesia",
    "rating": "",
    "CUISINES": "Asian, Indonesian"
}, {
    "image": "",
    "cafeName": "Prada Espresso",
    "cafeAddress": "Gg. Argulo No.21 Komplek Tarakanita I, Caturtunggal 55281 Indonesia",
    "rating": "4.5 ",
    "CUISINES": "Cafe"
}, {
    "image": "https://media-cdn.tripadvisor.com/media/photo-s/09/fc/d4/ea/soup-szechuan-asam-pedas.jpg",
    "cafeName": "Parsley Bakery Laksda Adisucipto",
    "cafeAddress": "Jl. Laksda Adi Sucipto Km.6 No.13, Depok 55221 Indonesia",
    "rating": "4.0 ",
    "CUISINES": "Indonesian, Chinese, Asian",
    "Special_Diets": "Halal, Vegetarian Friendly",
    "Meals": "Breakfast, Dinner, Lunch, Brunch",
    "FEATURES": "Outdoor Seating, Seating, Parking Available, Television, Highchairs Available, Wheelchair Accessible, Serves Alcohol, Takeout, Reservations, Buffet, Accepts American Express, Accepts Mastercard, Accepts Visa, Free Wifi, Delivery, Table Service"
}, {
    "image": "https://media-cdn.tripadvisor.com/media/photo-s/12/3a/a5/c5/photo0jpg",
    "cafeName": "Ling-Lung Kopi & Eatery",
    "cafeAddress": "Jl. Perumnas no. 20A, Depok 55283 Indonesia",
    "rating": "4.0 ",
    "CUISINES": "Cafe, Indonesian, Asian",
    "Meals": "Brunch",
    "FEATURES": "Seating, Reservations, Table Service"
}, {
    "image": "https://media-cdn.tripadvisor.com/media/photo-s/16/db/7d/df/2019-03-17-18-42-37-largejpg",
    "cafeName": "Peridot Coffee Tea",
    "cafeAddress": "Jl. Wijaya kusuma no. 29, Damaran, Klaten Indonesia",
    "rating": "3.5 ",
    "Special_Diets": "Kosher"
}, {
    "image": "https://media-cdn.tripadvisor.com/media/photo-s/26/96/fc/dd/garden-playground-area.jpg",
    "cafeName": "Omah Daren Coffee and Resto",
    "cafeAddress": "Daren Kidul, Donokerto, Turi Indonesia",
    "rating": "5.0 ",
    "CUISINES": "Asian, Indonesian",
    "Meals": "Breakfast, Lunch, Dinner"
}, {
    "image": "https://media-cdn.tripadvisor.com/media/photo-s/24/0f/be/87/abhayagiri-sumberwatu.jpg",
    "cafeName": "Abhayagiri Venue And Dining",
    "cafeAddress": "Sambirejo 55571 Indonesia",
    "rating": "4.0 ",
    "PRICE_RANGE": "IDR 79,000 - IDR 794,000",
    "CUISINES": "Asian, Indonesian, International",
    "Special_Diets": "Vegetarian Friendly, Vegan Options, Halal, Gluten Free Options"
}, {
    "image": "https://media-cdn.tripadvisor.com/media/photo-s/0a/ac/25/a9/chicken-marryland.jpg",
    "cafeName": "Al-Kahf Shisha Lounge and Restaurant - CLOSED",
    "cafeAddress": "Jln. Mangga Wisata Kuliner Pringwulung, Depok 55283 Indonesia",
    "rating": "4.0 ",
    "CUISINES": "Italian, Asian, Middle Eastern, Indonesian",
    "Meals": "Breakfast, Lunch, Dinner",
    "FEATURES": "Takeout, Reservations, Seating, Parking Available, Validated Parking, Television, Highchairs Available, Serves Alcohol, Full Bar, Wine and Beer, Digital Payments, Cash Only, Free Wifi"
}, {
    "image": "https://media-cdn.tripadvisor.com/media/photo-s/1b/8e/82/d6/our-front-face.jpg",
    "cafeName": "Seven Stones Specialty Coffee and Beverages",
    "cafeAddress": "Depok 55284 Indonesia",
    "rating": "",
    "PRICE_RANGE": "IDR 18,000 - IDR 38,000",
    "CUISINES": "Cafe, Asian, Australian, Indonesian",
    "Meals": "Dinner"
}, {
    "image": "",
    "cafeName": "Kopi Soemardjo",
    "cafeAddress": "Jl. Ringroad Selatan No.22 Sumardjo Boarding House, Sewon 55188 Indonesia",
    "rating": "",
    "CUISINES": "International, Asian, Indonesian"
}, {
    "image": "https://media-cdn.tripadvisor.com/media/photo-s/1c/43/ec/f6/img20201012193429-largejpg",
    "cafeName": "Thyme Beef Bar & Eatery",
    "cafeAddress": "Jl. Laksda Adisucipto No.13 Ambarukmo, Caturtunggal, Depok 55281 Indonesia",
    "rating": "4.0 "
}, {
    "image": "https://media-cdn.tripadvisor.com/media/photo-s/14/2d/c7/e2/20180817-095936-largejpg",
    "cafeName": "Soto Daging Sapi Pak Ngadiran",
    "cafeAddress": "Jl. Sanca No.120B, VIII Karang Gayam, Caturtunggal 55281 Indonesia",
    "rating": "3.5 "
}, {
    "image": "https://media-cdn.tripadvisor.com/media/photo-s/0c/d2/d1/bb/klathak.jpg",
    "cafeName": "Sate Klathak Pak Pong 2",
    "cafeAddress": "Jl. Imogiri Tim. No.10 Ketongo, Wonokromo, Pleret 55791 Indonesia",
    "rating": "4.0 ",
    "CUISINES": "Asian, Indonesian",
    "Special_Diets": "Halal",
    "Meals": "Lunch, Dinner, Late Night",
    "FEATURES": "Takeout, Outdoor Seating, Seating, Parking Available, Table Service"
}, {
    "image": "https://media-cdn.tripadvisor.com/media/photo-s/1c/50/88/3a/20201113-122249-largejpg",
    "cafeName": "Cengkir Heritage Resto And Coffee",
    "cafeAddress": "Jl. Sumberan II No. 4, Sleman Indonesia",
    "rating": "4.0 ",
    "CUISINES": "Asian, Indonesian",
    "Special_Diets": "Halal",
    "Meals": "Lunch, Brunch, Breakfast, Dinner",
    "FEATURES": "Reservations, Seating"
}, {
    "image": "https://media-cdn.tripadvisor.com/media/photo-s/14/2d/91/79/20180817-161445-largejpg",
    "cafeName": "Boko Sunset Resto",
    "cafeAddress": "Jl. Raya Piyungan - Prambanan No. Km.2 Dawung, Bokoharjo, Prambanan 55572 Indonesia",
    "rating": "4.0 ",
    "CUISINES": "Asian, Indonesian",
    "FEATURES": "Reservations"
}, {
    "image": "https://media-cdn.tripadvisor.com/media/photo-s/1b/17/4c/c7/special-night-of-celebration.jpg",
    "cafeName": "Yabbiekayu Restaurant",
    "cafeAddress": "Jl. Parangtritis Km 8.5 Yabbiekayu Eco-Homestay Bungalows, Bantul 55186 Indonesia",
    "rating": "5.0 ",
    "PRICE_RANGE": "IDR 48,000 - IDR 238,000",
    "CUISINES": "International, Healthy, Indonesian, Asian",
    "Special_Diets": "Vegetarian Friendly, Vegan Options",
    "Meals": "Breakfast, Dinner, Lunch, Brunch, Drinks",
    "FEATURES": "Takeout, Reservations, Outdoor Seating, Seating, Table Service"
}, {
    "image": "",
    "cafeName": "Cafe Miko",
    "cafeAddress": "Jalan Wahid Hasyim Nologaten, Sleman Indonesia",
    "rating": "",
    "CUISINES": "Asian, Indonesian"
}, {
    "image": "",
    "cafeName": "Starbucks",
    "cafeAddress": "Jl. Kaliurang Km 5.3 No.7 Caturtunggal, Depok 55281 Indonesia",
    "rating": "3.5 "
}, {
    "image": "",
    "cafeName": "Maraville Coffee",
    "cafeAddress": "Jalan Kaliurang KM 5, Gg Sitisonyo 1B, Sleman 55281 Indonesia",
    "rating": "4.0 ",
    "CUISINES": "Cafe",
    "Meals": "Breakfast, Lunch, Dinner"
}, {
    "image": "https://media-cdn.tripadvisor.com/media/photo-s/19/be/1b/e5/p-20191019-180230-vhdr.jpg",
    "cafeName": "Relasi Coffee Space",
    "cafeAddress": "Jl. Pogung Baru Pogung Kidul, Block F, Sinduadi 55284 Indonesia",
    "rating": "5.0 ",
    "CUISINES": "Asian, Indonesian"
}, {
    "image": "https://media-cdn.tripadvisor.com/media/photo-s/09/72/a9/e2/coffeeright.jpg",
    "cafeName": "Coffeeright",
    "cafeAddress": "Jl. Manggis Komplek Wisata Kuliner Pringwulung, Sleman 55281 Indonesia",
    "rating": "5.0 ",
    "PRICE_RANGE": "IDR 5,000 - IDR 30,000",
    "Meals": "Dinner"
}, {
    "image": "",
    "cafeName": "Warung Kopi Giras",
    "cafeAddress": "Jl. Weling Raya Karang Gayam, Sleman 55281 Indonesia",
    "rating": "4.0 "
}, {
    "image": "https://media-cdn.tripadvisor.com/media/photo-s/12/20/43/60/photo1jpg",
    "cafeName": "Ekologi",
    "cafeAddress": "Jl. Pandean Sari blok 4 no. 10, Sleman Indonesia",
    "rating": "3.5 "
}, {
    "image": "https://media-cdn.tripadvisor.com/media/photo-s/1c/1d/9f/11/photo2jpg",
    "cafeName": "Goeboex Coffee",
    "cafeAddress": "Jl. Perumnas No. 158, Sleman 55281 Indonesia",
    "rating": "4.5 "
}, {
    "image": "https://media-cdn.tripadvisor.com/media/photo-s/17/f0/10/f6/sittichai-thailand-food.jpg",
    "cafeName": "Sittichai Thailand Food & Mangos Cafe",
    "cafeAddress": "Jl. Wahid Hasyim Dabag, Caturtunggal, Depok 55281 Indonesia",
    "rating": "5.0 ",
    "PRICE_RANGE": "IDR 4,000 - IDR 27,000",
    "CUISINES": "Asian, Thai, Cafe, Street Food",
    "Meals": "Breakfast, Lunch, Dinner, Brunch, Drinks",
    "FEATURES": "Delivery, Takeout, Reservations, Digital Payments, Free Wifi, Accepts Credit Cards"
}, {
    "image": "https://media-cdn.tripadvisor.com/media/photo-s/0b/96/82/77/photo4jpg",
    "cafeName": "Ayam Goreng Suharti",
    "cafeAddress": "Jl. Suripto 208 Caturtunggal, Depok 55281 Indonesia",
    "rating": "4.0 ",
    "CUISINES": "Asian, Indonesian",
    "Special_Diets": "Halal",
    "Meals": "Lunch, Dinner",
    "FEATURES": "Delivery, Takeout, Reservations, Seating, Parking Available, Validated Parking, Television, Accepts Credit Cards, Table Service"
}, {
    "image": "",
    "cafeName": "Omahku Cafe (Coffee shop)",
    "cafeAddress": "Jalan Gejayan, Moses Gatotkaca B21, Sleman Indonesia",
    "rating": "4.0 ",
    "CUISINES": "Cafe"
}, {
    "image": "https://media-cdn.tripadvisor.com/media/photo-s/0b/23/a9/14/img-20160507-201838-largejpg",
    "cafeName": "Cuppajo Resto & Cafe - CLOSED",
    "cafeAddress": "Jl. Selokan Mataram No. 8, Condongcatur 52281 Indonesia",
    "rating": "3.5 "
}, {
    "image": "",
    "cafeName": "Galeri Oma Vintage Gallery & Coffee",
    "cafeAddress": "Jl. Monumen Jogja Kembali no. 55 Gemawang, Sleman 55284 Indonesia",
    "rating": "4.0 ",
    "PRICE_RANGE": "IDR 10,000 - IDR 25,000",
    "CUISINES": "Asian, Indonesian",
    "Meals": "Lunch, Dinner"
}, {
    "image": "",
    "cafeName": "The Pleret Coffee",
    "cafeAddress": "Jl. Imogiri Timur Km 10, Bantul 55791 Indonesia",
    "rating": "3.5 ",
    "CUISINES": "Cafe"
}, {
    "image": "https://media-cdn.tripadvisor.com/media/photo-s/27/4d/b6/da/20221124-165924-largejpg",
    "cafeName": "J.CO",
    "cafeAddress": "Jl. Raya Ring Road Utara Hartono Mall, Condongcatur 57731 Indonesia",
    "rating": "4.5 ",
    "CUISINES": "Cafe"
}]