[{
    "image": "https://media-cdn.tripadvisor.com/media/photo-s/10/3e/19/c9/small-place-great-ambiences.jpg",
    "cafeName": "Tekoff Coffee and Tea",
    "cafeAddress": "Jl. Sagan Timur GK 5/1053B Klitren, Yogyakarta 55223 Indonesia",
    "rating": "4.5 ",
    "CUISINES": "Cafe"
}, {
    "image": "https://media-cdn.tripadvisor.com/media/photo-s/1c/79/b0/45/place-with-history-of.jpg",
    "cafeName": "de Ngokow Coffee Roastery & Tea Club",
    "cafeAddress": "Jl. Brigjen Katamso Pendopo Ndalem Pujokusuman, Yogyakarta 55152 Indonesia",
    "rating": "5.0 ",
    "PRICE_RANGE": "IDR 10,000 - IDR 28,000",
    "CUISINES": "Cafe",
    "Meals": "Breakfast, Lunch, Dinner, Brunch, Late Night, Drinks",
    "FEATURES": "Delivery, Takeout, Reservations, Outdoor Seating, Seating, Parking Available, Street Parking, Free off-street parking, Television, Wheelchair Accessible, Digital Payments, Free Wifi, Table Service, Drive Thru, Family style, Gift Cards Available"
}, {
    "image": "https://media-cdn.tripadvisor.com/media/photo-s/0b/75/ab/2f/the-counter-of-slurp.jpg",
    "cafeName": "Slurp! Figs Coffee & Tea",
    "cafeAddress": "Jl. Veteran No.202 Pandeyan, Kec. Umbulharjo, Yogyakarta 55161 Indonesia",
    "rating": "3.5 "
}, {
    "image": "https://media-cdn.tripadvisor.com/media/photo-s/14/11/49/ee/20180809-220112-largejpg",
    "cafeName": "Sellie Coffee",
    "cafeAddress": "Jl. Gerilya No. 822, Brontokusuman 55153 Indonesia",
    "rating": "4.0 ",
    "CUISINES": "Cafe, Indonesian",
    "FEATURES": "Takeout, Seating"
}, {
    "image": "https://media-cdn.tripadvisor.com/media/photo-s/0a/b2/98/19/ministry-of-coffee.jpg",
    "cafeName": "Ministry of Coffee",
    "cafeAddress": "Jalan Prawirotaman 1/15a, Brontokusuman 55153 Indonesia",
    "rating": "4.0 ",
    "CUISINES": "Cafe, American",
    "Meals": "Breakfast, Lunch, Dinner",
    "FEATURES": "Seating"
}, {
    "image": "https://media-cdn.tripadvisor.com/media/photo-s/14/08/ac/1d/photo2jpg",
    "cafeName": "Lotus Mio Bangunjiwo Restaurant",
    "cafeAddress": "Mejing, Kalirandu, Bangunjiwo Permata Harmony Residence, Bantul 55184 Indonesia",
    "rating": "4.5 ",
    "CUISINES": "Cafe, European, Indonesian",
    "Special_Diets": "Vegetarian Friendly, Vegan Options",
    "Meals": "Lunch, Dinner, Brunch, Breakfast",
    "FEATURES": "Takeout, Reservations, Outdoor Seating, Seating, Serves Alcohol, Free Wifi, Table Service"
}, {
    "image": "https://media-cdn.tripadvisor.com/media/photo-s/0a/de/86/ea/workspace.jpg",
    "cafeName": "Blanco Coffee & Books",
    "cafeAddress": "Jl. Kranggan No.30 Cokrodiningratan, Kec. Jetis, 55233 Indonesia",
    "rating": "4.5 ",
    "CUISINES": "European, Cafe",
    "Meals": "Brunch, Breakfast",
    "FEATURES": "Takeout, Reservations, Outdoor Seating, Seating, Parking Available, Street Parking, Highchairs Available, Free Wifi, Television, Accepts Mastercard, Accepts Visa, Digital Payments, Cash Only, Wheelchair Accessible, Accepts Credit Cards"
}, {
    "image": "https://media-cdn.tripadvisor.com/media/photo-w/0c/83/ca/11/meet-me-at-pour-over.jpg",
    "cafeName": "Pour Over Coffee",
    "cafeAddress": "Jl. Karangjati Pedukuhan V Jetis, Tamantirto, Kasihan, Jetis, Tamantirto, Bantul 55183 Indonesia",
    "rating": "5.0 ",
    "PRICE_RANGE": "IDR 10,000 - IDR 25,000",
    "CUISINES": "Asian, Indonesian",
    "Meals": "Breakfast",
    "FEATURES": "Takeout, Reservations, Outdoor Seating, Seating, Parking Available, Free off-street parking, Cash Only, Accepts Credit Cards"
}, {
    "image": "https://media-cdn.tripadvisor.com/media/photo-s/15/38/15/50/img-20181101-211726-624.jpg",
    "cafeName": "Cinema Bakery",
    "cafeAddress": "Jl Yudistira Wonorejo Sariharjo, Ngaglik 55231 Indonesia",
    "rating": "4.5 ",
    "CUISINES": "French, European, Cafe",
    "Meals": "Drinks, Breakfast, Brunch",
    "FEATURES": "Takeout, Seating, Street Parking, Accepts Mastercard, Accepts Visa, Free Wifi, Parking Available"
}, {
    "image": "https://media-cdn.tripadvisor.com/media/photo-s/0b/be/e6/d8/fb-img-1466965842960.jpg",
    "cafeName": "Warung Kopi Klotok",
    "cafeAddress": "Jl. Kaliurang Km 16 Pakem Binangun, Pakem, Sleman 55582 Indonesia",
    "rating": "4.0 ",
    "CUISINES": "Asian, Indonesian",
    "Special_Diets": "Vegetarian Friendly, Vegan Options, Halal",
    "Meals": "Breakfast, Lunch, Brunch",
    "FEATURES": "Outdoor Seating, Seating, Parking Available"
}, {
    "image": "https://media-cdn.tripadvisor.com/media/photo-s/11/65/2b/be/not-only-me-it-also-amazed.jpg",
    "cafeName": "Klinik Kopi",
    "cafeAddress": "Jl. Kaliurang km 7.5  – Sebelah utara Gardu PLN, Yogyakarta 55581 Indonesia",
    "rating": "4.5 ",
    "CUISINES": "Cafe"
}, {
    "image": "https://media-cdn.tripadvisor.com/media/photo-s/0f/60/92/10/tempeh-burger.jpg",
    "cafeName": "Fortunate Coffee",
    "cafeAddress": "Jl. Jogonegaran No.49E, Yogyakarta 55271 Indonesia",
    "rating": "4.5 ",
    "CUISINES": "Soups, Cafe, Healthy",
    "Special_Diets": "Vegetarian Friendly, Vegan Options, Gluten Free Options",
    "Meals": "Breakfast, Lunch, Dinner, Drinks",
    "FEATURES": "Reservations, Television, Seating, Free off-street parking, Accepts Mastercard, Accepts Visa, Digital Payments, Cash Only, Free Wifi, Table Service, Takeout, Parking Available, Validated Parking"
}, {
    "image": "https://media-cdn.tripadvisor.com/media/photo-s/0e/32/cc/67/20170119-114405-largejpg",
    "cafeName": "Legend Coffee",
    "cafeAddress": "Jl. Abu Bakar Ali No.24-26 Kotabaru, Kec. Gondokusuman, Yogyakarta 55224 Indonesia",
    "rating": "4.0 ",
    "CUISINES": "Cafe, Indonesian, Asian",
    "Meals": "Breakfast",
    "FEATURES": "Seating, Takeout"
}, {
    "image": "https://media-cdn.tripadvisor.com/media/photo-s/11/90/61/0e/warm-coffee-bar-with.jpg",
    "cafeName": "NOX Coffee Boutique",
    "cafeAddress": "Jl. Kaliurang KM. 5 No. 53 2nd Floor, Natasha Skin Clinic Center, Caturtunggal 55281 Indonesia",
    "rating": "4.5 ",
    "PRICE_RANGE": "IDR 20,000 - IDR 120,000",
    "CUISINES": "American, Cafe, European",
    "Special_Diets": "Vegetarian Friendly",
    "Meals": "Breakfast, Drinks, Lunch, Dinner, Brunch",
    "FEATURES": "Seating, Parking Available, Serves Alcohol, Digital Payments, Free Wifi, Takeout, Outdoor Seating"
}, {
    "image": "https://media-cdn.tripadvisor.com/media/photo-s/1b/52/fe/f9/meet-our-outlet-tanamera.jpg",
    "cafeName": "Tanamera Coffee",
    "cafeAddress": "Jl. Jend. Sudirman No.3, Yogyakarta 55233 Indonesia",
    "rating": "5.0 ",
    "PRICE_RANGE": "IDR 30,000 - IDR 100,000",
    "CUISINES": "Indonesian, Cafe",
    "Meals": "Lunch, Dinner",
    "FEATURES": "Seating, Table Service, Delivery"
}, {
    "image": "https://media-cdn.tripadvisor.com/media/photo-s/0c/5e/54/27/photo1jpg",
    "cafeName": "Mataram Loewak Coffee",
    "cafeAddress": "Jl. Pelem Wulung no. 15 Banguntapan Bantul, Yogyakarta, Bantul Indonesia",
    "rating": "4.5 ",
    "CUISINES": "Cafe"
}, {
    "image": "https://media-cdn.tripadvisor.com/media/photo-s/13/7f/dd/7e/img-20180627-211555-777.jpg",
    "cafeName": "Silol Kopi & Eatery",
    "cafeAddress": "Jl. Suroto 7 Jl. Sabirin 22, Kotabaru, Kec. Gondokusuman, Yogyakarta 55224 Indonesia",
    "rating": "4.0 ",
    "CUISINES": "Cafe, Indonesian, Asian",
    "Meals": "Lunch",
    "FEATURES": "Seating, Table Service, Live Music"
}, {
    "image": "https://media-cdn.tripadvisor.com/media/photo-s/12/6d/90/ee/our-front.jpg",
    "cafeName": "Hayati Specialty Coffee",
    "cafeAddress": "Jl. Demangan Baru no 6-7 Across De Britto Highschool, Sleman 55281 Indonesia",
    "rating": "4.5 ",
    "PRICE_RANGE": "IDR 285,713,984 - IDR 714,286,016",
    "CUISINES": "Cafe, Asian, Indonesian",
    "Meals": "Breakfast, Lunch, Dinner, Brunch, Late Night",
    "FEATURES": "Seating, Delivery, Takeout, Free Wifi, Accepts Credit Cards"
}, {
    "image": "https://media-cdn.tripadvisor.com/media/photo-s/11/5b/ee/23/ruang-dapur.jpg",
    "cafeName": "Simetri Coffee Roaster",
    "cafeAddress": "Jl. Sabirin No. 20 Kotabaru, Kec. Gondokusuman, Yogyakarta 55224 Indonesia",
    "rating": "4.5 ",
    "CUISINES": "Italian, Cafe, Asian, Diner",
    "Meals": "Breakfast, Lunch"
}, {
    "image": "",
    "cafeName": "Araya Coffee And Tea",
    "cafeAddress": "Jl Bumijo Tengah No.4-12, Jetis, Yogyakarta Perempatan Bumijo Tengah, Yogyakarta 55231 Indonesia",
    "rating": "5.0 ",
    "CUISINES": "Italian, Asian, Indonesian"
}, {
    "image": "https://media-cdn.tripadvisor.com/media/photo-s/03/73/9e/86/paprika-restaurant.jpg",
    "cafeName": "Paprika",
    "cafeAddress": "Jl Jenderal Sudirman 9 The Phoenix Hotel Yogyakarta - MGallery Collection, Yogyakarta 55233 Indonesia",
    "rating": "4.0 ",
    "PRICE_RANGE": "IDR 159,000 - IDR 635,000",
    "CUISINES": "Fusion",
    "Meals": "Lunch, Dinner, Late Night",
    "FEATURES": "Takeout, Outdoor Seating, Seating, Parking Available, Validated Parking, Highchairs Available, Wheelchair Accessible, Serves Alcohol, Full Bar, Accepts American Express, Accepts Mastercard, Accepts Visa, Digital Payments, Cash Only, Free Wifi, Reservations, Table Service, Accepts Credit Cards"
}, {
    "image": "https://media-cdn.tripadvisor.com/media/photo-s/19/bf/9f/08/p-20190823-144031-vhdr.jpg",
    "cafeName": "Beukenhof Restaurant",
    "cafeAddress": "Ullen Sentalu Museum, Sleman Indonesia",
    "rating": "4.0 ",
    "CUISINES": "European, International",
    "Special_Diets": "Vegetarian Friendly, Vegan Options, Halal",
    "Meals": "Lunch, Brunch, Dinner"
}, {
    "image": "https://media-cdn.tripadvisor.com/media/photo-s/19/3d/84/c1/img-20190907-203237-largejpg",
    "cafeName": "Angkringan Kopi Jos Lik Man",
    "cafeAddress": "Jalan Poncowinatan No.7 Pasar Kranggan, Yogyakarta 55232 Indonesia",
    "rating": "4.0 ",
    "CUISINES": "Street Food, Indonesian, Asian",
    "Special_Diets": "Halal",
    "Meals": "Dinner, Late Night",
    "FEATURES": "Takeout, Street Parking, Cash Only"
}, {
    "image": "https://media-cdn.tripadvisor.com/media/photo-s/14/19/66/b4/photo0jpg",
    "cafeName": "Water Castle Cafe",
    "cafeAddress": "Jl. Polowijan, Patehan, Yogyakarta 55133 Indonesia",
    "rating": "4.5 ",
    "CUISINES": "Indonesian, Cafe, Asian",
    "Special_Diets": "Vegetarian Friendly, Vegan Options",
    "Meals": "Breakfast, Lunch, Dinner, Brunch",
    "FEATURES": "Seating, Table Service"
}, {
    "image": "https://media-cdn.tripadvisor.com/media/photo-s/0d/e0/77/07/punik-deli-interior.jpg",
    "cafeName": "Punika Deli",
    "cafeAddress": "Jalan Laksda Adisucipto no. 81 Lobby Hotel Royal Ambarrukmo Yogyakarta, Depok 55281 Indonesia",
    "rating": "4.5 ",
    "PRICE_RANGE": "IDR 30,000 - IDR 150,000",
    "CUISINES": "International, Cafe, Deli, Healthy, Wine Bar",
    "Meals": "Breakfast, Brunch, Lunch, Late Night, Drinks",
    "FEATURES": "Outdoor Seating, Parking Available, Validated Parking, Valet Parking, Wheelchair Accessible, Wine and Beer, Accepts American Express, Accepts Mastercard, Accepts Visa, Cash Only, Free Wifi, Delivery, Takeout, Reservations, Seating, Highchairs Available, Table Service"
}, {
    "image": "https://media-cdn.tripadvisor.com/media/photo-s/0d/ef/59/c1/who-needs-larger-space.jpg",
    "cafeName": "SUA Coffee",
    "cafeAddress": "Jl. Kranji Serang No 8 Wonorejo, Sariharjo 55581 Indonesia",
    "rating": "4.0 ",
    "PRICE_RANGE": "IDR 16,000 - IDR 28,000",
    "CUISINES": "Indonesian, Cafe",
    "FEATURES": "Seating"
}, {
    "image": "https://media-cdn.tripadvisor.com/media/photo-s/11/86/a7/0f/dsc02521-largejpg",
    "cafeName": "Kalimilk",
    "cafeAddress": "Jl. Lempongsari Raya no 251 Monjali Ngaglik Jl. Kaliurang KM 4.9, Sleman Indonesia",
    "rating": "4.0 ",
    "CUISINES": "Cafe, Indonesian",
    "Special_Diets": "Halal",
    "Meals": "Lunch, Dinner, Brunch, Late Night, Drinks",
    "FEATURES": "Takeout, Reservations, Seating, Free Wifi"
}, {
    "image": "https://media-cdn.tripadvisor.com/media/photo-w/14/11/71/84/20180721-184750-largejpg",
    "cafeName": "Turi Turi Coffee",
    "cafeAddress": "Jl. Magelang Embung Kaliaji,, Turi 55551 Indonesia",
    "rating": "4.5 ",
    "CUISINES": "Asian, Indonesian",
    "Meals": "Breakfast, Lunch, Dinner"
}, {
    "image": "https://media-cdn.tripadvisor.com/media/photo-s/0f/57/a7/8c/kayumanis.jpg",
    "cafeName": "Kayumanis",
    "cafeAddress": "Jl. P. Mangkubumi 72A Hotel Tentrem Yogyakarta, Yogyakarta 55233 Indonesia",
    "rating": "4.5 ",
    "CUISINES": "Asian, Indonesian, Southwestern",
    "Special_Diets": "Halal, Vegan Options",
    "Meals": "Breakfast, Lunch, Dinner, Brunch",
    "FEATURES": "Reservations, Seating, Highchairs Available, Table Service, Wheelchair Accessible"
}, {
    "image": "https://media-cdn.tripadvisor.com/media/photo-s/18/f5/88/bf/photo5jpg",
    "cafeName": "Bladok",
    "cafeAddress": "Jln. Sosrowijayan 76, Yogyakarta 55271 Indonesia",
    "rating": "4.0 ",
    "CUISINES": "European, Asian, Indonesian",
    "Special_Diets": "Vegetarian Friendly, Vegan Options",
    "Meals": "Breakfast, Lunch, Dinner, Brunch, Late Night",
    "FEATURES": "Reservations, Outdoor Seating, Seating, Serves Alcohol, Free Wifi, Table Service"
}, {
    "image": "https://media-cdn.tripadvisor.com/media/photo-s/0b/1c/02/c3/timus-pisang-bakar-tahu.jpg",
    "cafeName": "Ndoro Donker Tea House",
    "cafeAddress": "Jl. Karangpandan-Ngargoyoso, Karanganyar 57793 Indonesia",
    "rating": "4.0 ",
    "CUISINES": "Cafe, Asian, Indonesian",
    "Special_Diets": "Vegetarian Friendly, Vegan Options, Halal",
    "Meals": "Lunch, Brunch",
    "FEATURES": "Takeout, Reservations, Outdoor Seating, Seating, Parking Available, Table Service"
}, {
    "image": "https://media-cdn.tripadvisor.com/media/photo-s/0a/65/14/a0/kampoeng-kopi-banaran.jpg",
    "cafeName": "Kampoeng Kopi Banaran",
    "cafeAddress": "Km 35 Jl. Raya Bawen, Semarang Indonesia",
    "rating": "4.0 ",
    "CUISINES": "Asian, Indonesian, Cafe",
    "Special_Diets": "Vegetarian Friendly, Vegan Options, Halal",
    "Meals": "Lunch, Dinner, Brunch",
    "FEATURES": "Takeout, Reservations, Outdoor Seating, Seating, Parking Available, Highchairs Available, Table Service, Playgrounds"
}, {
    "image": "https://media-cdn.tripadvisor.com/media/photo-s/1a/d6/50/9f/interior-view.jpg",
    "cafeName": "Loko Cafe",
    "cafeAddress": "Jln. Pasar Kembang, Yogyakarta 55271 Indonesia",
    "rating": "4.5 ",
    "CUISINES": "International, Asian, Indonesian, Cafe",
    "Special_Diets": "Vegetarian Friendly, Vegan Options",
    "Meals": "Breakfast, Lunch, Dinner, Brunch",
    "FEATURES": "Seating, Takeout"
}, {
    "image": "https://media-cdn.tripadvisor.com/media/photo-s/1c/6e/0a/00/inspira-roasters.jpg",
    "cafeName": "Inspira Roasters",
    "cafeAddress": "Jl. Ipda Tut Harsono No. 16 Gaia Cosmo Hotel, Yogyakarta 55165 Indonesia",
    "rating": "5.0 ",
    "PRICE_RANGE": "IDR 15,000 - IDR 55,000",
    "CUISINES": "Cafe",
    "Special_Diets": "Vegetarian Friendly, Vegan Options"
}, {
    "image": "https://media-cdn.tripadvisor.com/media/photo-s/12/1c/86/63/sitting-area.jpg",
    "cafeName": "Excelso Cafe",
    "cafeAddress": "Jalan Malioboro No. 52 - 58 Unit 21A, 1st FIoor, Malioboro Mall, Yogyakarta 55271 Indonesia",
    "rating": "3.5 ",
    "CUISINES": "Cafe, Contemporary",
    "Meals": "Breakfast, Lunch, Brunch",
    "FEATURES": "Takeout, Seating, Wheelchair Accessible, Table Service"
}, {
    "image": "https://media-cdn.tripadvisor.com/media/photo-o/04/ce/50/c3/paksi.jpg",
    "cafeName": "Paksi Coffee House",
    "cafeAddress": "Jl. Badrawati Ngaran I, Borobudur, Magelang Indonesia",
    "rating": "4.5 ",
    "PRICE_RANGE": "IDR 32,000 - IDR 79,000",
    "CUISINES": "Cafe, Asian, Indonesian",
    "Special_Diets": "Vegan Options"
}, {
    "image": "https://media-cdn.tripadvisor.com/media/photo-o/05/87/47/f4/top-gear-coffee-shop.jpg",
    "cafeName": "Top Gear Coffee Shop",
    "cafeAddress": "Jln. Cornel Simanjuntak No. 17, Yogyakarta 55223 Indonesia",
    "rating": "4.0 ",
    "CUISINES": "Cafe, Fast Food, Asian, Indonesian",
    "Meals": "Dinner",
    "FEATURES": "Outdoor Seating"
}, {
    "image": "https://media-cdn.tripadvisor.com/media/photo-s/16/16/6d/d5/img-20190113-204818-792.jpg",
    "cafeName": "Jeeva",
    "cafeAddress": "Jl. Suhartono No. 2, Yogyakarta 55224 Indonesia",
    "rating": "5.0 ",
    "CUISINES": "Asian, Indonesian",
    "FEATURES": "Reservations"
}, {
    "image": "https://media-cdn.tripadvisor.com/media/photo-s/0f/3a/a9/00/photo1jpg",
    "cafeName": "Eastman Coffee House",
    "cafeAddress": "Jl. Jenderal Ahmad Yani no. 140, Semarang 50241 Indonesia",
    "rating": "4.5 ",
    "CUISINES": "Cafe, European",
    "Special_Diets": "Vegetarian Friendly, Vegan Options",
    "Meals": "Breakfast, Lunch, Dinner, Brunch",
    "FEATURES": "Takeout, Reservations, Seating, Table Service, Delivery, Parking Available, Valet Parking, Wheelchair Accessible, Free Wifi, Accepts Credit Cards, Family style"
}, {
    "image": "https://media-cdn.tripadvisor.com/media/photo-s/14/eb/ad/c4/20181003-140024-largejpg",
    "cafeName": "The House of Raminten",
    "cafeAddress": "Jl. Faridan M Noto No.7 Kotabaru, Kec. Gondokusuman, Yogyakarta 55224 Indonesia",
    "rating": "4.0 ",
    "CUISINES": "Asian, Indonesian",
    "Special_Diets": "Vegetarian Friendly, Vegan Options, Halal",
    "Meals": "Lunch, Dinner, Brunch, Late Night"
}, {
    "image": "https://media-cdn.tripadvisor.com/media/photo-s/14/38/b3/99/img-20180701-202409-767.jpg",
    "cafeName": "Strada Coffee & Cafe",
    "cafeAddress": "Jl. S. Parman no. 47A, Semarang 50231 Indonesia",
    "rating": "4.5 ",
    "PRICE_RANGE": "IDR 10,000 - IDR 79,000",
    "CUISINES": "Indonesian, Cafe, Asian",
    "Special_Diets": "Vegetarian Friendly, Vegan Options, Halal",
    "Meals": "Lunch, Dinner, Drinks, Breakfast, Brunch",
    "FEATURES": "Delivery, Takeout, Reservations, Seating, Parking Available, Television, Serves Alcohol, Accepts Mastercard, Accepts Visa, Digital Payments, Free Wifi, Outdoor Seating, Buffet, Free off-street parking, Highchairs Available, Accepts American Express, Accepts Discover, Accepts Credit Cards, Table Service"
}, {
    "image": "https://media-cdn.tripadvisor.com/media/photo-s/0e/44/b7/e6/inside-of-the-restaurant.jpg",
    "cafeName": "Gudeg Yu Djum",
    "cafeAddress": "Jl. Wijilan No.167 Panembahan, Kraton, Yogyakarta 55131 Indonesia",
    "rating": "4.0 ",
    "CUISINES": "Asian, Indonesian",
    "Special_Diets": "Vegan Options, Halal",
    "Meals": "Breakfast, Lunch, Dinner"
}, {
    "image": "https://media-cdn.tripadvisor.com/media/photo-s/19/e3/00/7f/viavia-resto-in-in-the.jpg",
    "cafeName": "ViaVia Jogja",
    "cafeAddress": "Jln. Prawiritaman 30 Brontokusuman, Mergangsan, Yogyakarta 55153 Indonesia",
    "rating": "4.0 ",
    "PRICE_RANGE": "IDR 30,000 - IDR 100,000",
    "CUISINES": "Asian, Indonesian, International",
    "Special_Diets": "Vegetarian Friendly, Vegan Options, Halal, Gluten Free Options",
    "Meals": "Lunch, Dinner, Brunch",
    "FEATURES": "Takeout, Reservations, Outdoor Seating, Highchairs Available, Free Wifi, Cash Only, Playgrounds, Gift Cards Available"
}, {
    "image": "https://media-cdn.tripadvisor.com/media/photo-s/0f/01/0e/34/dining-area.jpg",
    "cafeName": "Warung Bu Ageng",
    "cafeAddress": "Jl. Tirtodipuran No.13, Yogyakarta 55143 Indonesia",
    "rating": "4.0 ",
    "CUISINES": "Asian, Indonesian",
    "Special_Diets": "Vegetarian Friendly, Vegan Options, Halal",
    "Meals": "Lunch, Dinner, Late Night"
}, {
    "image": "https://media-cdn.tripadvisor.com/media/photo-s/16/7c/5a/01/ta-img-20190216-202810.jpg",
    "cafeName": "Lecker Rumah Kopi & Resto",
    "cafeAddress": "Jl. HOS Cokroaminoto No.199, Yogyakarta 55244 Indonesia",
    "rating": "4.0 ",
    "CUISINES": "Cafe, Indonesian, Asian",
    "Meals": "Lunch, Dinner",
    "FEATURES": "Reservations, Seating, Table Service"
}, {
    "image": "https://media-cdn.tripadvisor.com/media/photo-s/13/3e/72/ef/img-20180610-195137-largejpg",
    "cafeName": "My Kopi-O!",
    "cafeAddress": "Jl. Candrakirana No.21 Terban, Kec. Gondokusuman, Yogyakarta 55223 Indonesia",
    "rating": "4.0 ",
    "CUISINES": "Asian, Indonesian, Cafe",
    "Special_Diets": "Vegetarian Friendly, Vegan Options, Halal",
    "Meals": "Lunch, Brunch, Dinner",
    "FEATURES": "Takeout, Reservations, Seating, Table Service"
}, {
    "image": "https://media-cdn.tripadvisor.com/media/photo-s/07/b2/5d/bb/waroeng-klangenan.jpg",
    "cafeName": "Waroeng Klangenan",
    "cafeAddress": "Jl. Patangpuluhan No.28 Patangpuluhan, Wirobrajan, Yogyakarta 55251 Indonesia",
    "rating": "4.0 ",
    "CUISINES": "Asian, Indonesian",
    "Meals": "Dinner",
    "FEATURES": "Reservations"
}, {
    "image": "https://media-cdn.tripadvisor.com/media/photo-s/10/d3/f5/f8/lubch-at-patio.jpg",
    "cafeName": "Patio Colonial",
    "cafeAddress": "Dusun Tanjungan, Borobudur, Magelang 56553 Indonesia",
    "rating": "4.5 ",
    "PRICE_RANGE": "IDR 150,000 - IDR 500,000",
    "CUISINES": "European, Asian, Indonesian",
    "Special_Diets": "Vegetarian Friendly, Vegan Options, Gluten Free Options",
    "Meals": "Breakfast, Lunch, Dinner, Brunch, Drinks",
    "FEATURES": "Takeout, Outdoor Seating, Buffet, Seating, Parking Available, Validated Parking, Highchairs Available, Wheelchair Accessible, Serves Alcohol, Wine and Beer, Accepts American Express, Accepts Mastercard, Accepts Visa, Free Wifi, Reservations, Full Bar, Accepts Credit Cards, Table Service"
}, {
    "image": "https://media-cdn.tripadvisor.com/media/photo-s/0c/52/83/07/20160712-170806-largejpg",
    "cafeName": "Roaster and Bear",
    "cafeAddress": "Jl. P. Mangkubumi No.52 Hotel Harper Malioboro, Gowongan 55233 Indonesia",
    "rating": "4.5 ",
    "CUISINES": "Indonesian",
    "Special_Diets": "Vegetarian Friendly, Vegan Options, Halal, Gluten Free Options",
    "Meals": "Lunch, Dinner, Brunch",
    "FEATURES": "Parking Available, Takeout, Reservations, Outdoor Seating, Seating, Street Parking, Validated Parking, Highchairs Available, Serves Alcohol, Accepts Mastercard, Accepts Visa, Cash Only, Free Wifi, Accepts Credit Cards, Table Service, Live Music"
}, {
    "image": "https://media-cdn.tripadvisor.com/media/photo-s/16/dd/ec/b5/lawas-cafe-613.jpg",
    "cafeName": "Lawas 613",
    "cafeAddress": "Jl. Prawirotaman 2 No.613 Adhisthana Hotel, Brontokusuman 55153 Indonesia",
    "rating": "3.5 ",
    "CUISINES": "Cafe, Asian, Indonesian",
    "Meals": "Breakfast, Lunch, Dinner",
    "FEATURES": "Seating, Takeout, Outdoor Seating, Serves Alcohol, Table Service"
}, {
    "image": "https://media-cdn.tripadvisor.com/media/photo-s/0c/86/2b/dd/salah-satu-sudut.jpg",
    "cafeName": "Starbucks",
    "cafeAddress": "Jln. Laksda Adisucipto Plaza Ambarrukmo, Caturtunggal 55281 Indonesia",
    "rating": "4.0 ",
    "CUISINES": "Cafe",
    "FEATURES": "Free Wifi, Takeout, Outdoor Seating, Seating, Wheelchair Accessible"
}, {
    "image": "https://media-cdn.tripadvisor.com/media/photo-s/12/6d/90/ee/our-front.jpg",
    "cafeName": "Hayati Specialty Coffee",
    "cafeAddress": "Jl. Demangan Baru no 6-7 Across De Britto Highschool, Sleman 55281 Indonesia",
    "rating": "4.5 ",
    "PRICE_RANGE": "IDR 285,713,984 - IDR 714,286,016",
    "CUISINES": "Cafe, Asian, Indonesian",
    "Meals": "Breakfast, Lunch, Dinner, Brunch, Late Night"
}, {
    "image": "https://media-cdn.tripadvisor.com/media/photo-s/1a/4e/31/8c/a-traditional-house.jpg",
    "cafeName": "Wedang Kopi Prambanan",
    "cafeAddress": "Jl. Manisrenggo Km. 1, Klaten 57454 Indonesia",
    "rating": "4.0 ",
    "CUISINES": "Indonesian, Asian",
    "Special_Diets": "Vegetarian Friendly, Vegan Options, Halal",
    "Meals": "Lunch, Brunch, Dinner",
    "FEATURES": "Reservations, Outdoor Seating, Seating, Table Service, Takeout, Wheelchair Accessible"
}, {
    "image": "https://media-cdn.tripadvisor.com/media/photo-s/1a/ae/fe/96/20191210-183031-largejpg",
    "cafeName": "Tempo Gelato",
    "cafeAddress": "Jl. Prawirotaman No.38B, Brontokusuman 55153 Indonesia",
    "rating": "4.5 ",
    "PRICE_RANGE": "IDR 25,000 - IDR 120,000",
    "Special_Diets": "Vegetarian Friendly, Vegan Options, Halal",
    "FEATURES": "Takeout, Seating, Free Wifi"
}, {
    "image": "https://media-cdn.tripadvisor.com/media/photo-s/11/ca/3a/9f/caption.jpg",
    "cafeName": "Bedhot Resto",
    "cafeAddress": "Jalan Sosrowijayan Wetan GT1 No.127, Yogyakarta 55271 Indonesia",
    "rating": "4.0 ",
    "CUISINES": "Asian, Indonesian",
    "Special_Diets": "Vegetarian Friendly, Vegan Options",
    "Meals": "Breakfast, Lunch, Dinner, Brunch",
    "FEATURES": "Takeout, Reservations, Seating, Serves Alcohol, Free Wifi, Table Service"
}, {
    "image": "https://media-cdn.tripadvisor.com/media/photo-s/08/ea/57/c1/d-skybar-ibis-styles.jpg",
    "cafeName": "D'Skybar",
    "cafeAddress": "Jl. Dagen No. 109 Ibis Styles Yogyakarta, Yogyakarta 55271 Indonesia",
    "rating": "4.0 ",
    "PRICE_RANGE": "IDR 250,000 - IDR 350,000",
    "CUISINES": "Indonesian, American, Bar, International, Asian, Pub",
    "Meals": "Drinks",
    "FEATURES": "Reservations, Outdoor Seating, Seating, Television, Serves Alcohol, Full Bar, Wine and Beer, Accepts American Express, Accepts Mastercard, Accepts Visa, Free Wifi, Accepts Credit Cards, Live Music"
}, {
    "image": "https://media-cdn.tripadvisor.com/media/photo-s/07/06/0d/a9/beef-steak-ala-koki-joni.jpg",
    "cafeName": "Koki Joni",
    "cafeAddress": "Jln. Cornel Simanjuntak Terban, Yogyakarta 55225 Indonesia",
    "rating": "4.0 ",
    "CUISINES": "Italian, European",
    "Special_Diets": "Halal",
    "Meals": "Dinner, Lunch",
    "FEATURES": "Seating, Reservations, Outdoor Seating, Table Service"
}, {
    "image": "https://media-cdn.tripadvisor.com/media/photo-s/14/ee/1b/c6/photo1jpg",
    "cafeName": "YATS Colony Restaurant",
    "cafeAddress": "Jl. Patangpuluhan No.23 Patangpuluhan, Wirobrajan, Yogyakarta 55251 Indonesia",
    "rating": "4.0 ",
    "CUISINES": "Asian, Indonesian",
    "Meals": "Lunch, Dinner"
}, {
    "image": "https://media-cdn.tripadvisor.com/media/photo-s/16/97/8e/cf/ayam-bakar-cakrawala.jpg"
}]