[{
    "image": "https://media-cdn.tripadvisor.com/media/photo-s/06/ce/06/d8/bale-raos.jpg",
    "cafeName": "Bale Raos",
    "cafeAddress": "Jl. Magangan Kulon No.1, Yogyakarta 55131 Indonesia",
    "rating": "4.0 ",
    "CUISINES": "Asian, Indonesian",
    "Special_Diets": "Vegetarian Friendly, Vegan Options, Halal",
    "Meals": "Lunch, Dinner, Brunch, Late Night",
    "FEATURES": "Takeout, Reservations, Outdoor Seating, Seating, Parking Available, Validated Parking, Highchairs Available, Wheelchair Accessible, Accepts Credit Cards, Table Service, Live Music"
}, {
    "image": "https://media-cdn.tripadvisor.com/media/photo-s/22/fb/df/00/nanamia-tirtodipuran.jpg",
    "cafeName": "Nanamia Pizzeria",
    "cafeAddress": "Jl. Tirtodipuran No. 1, Yogyakarta 55143 Indonesia",
    "rating": "4.5 ",
    "Special_Diets": "Halal, Vegetarian Friendly, Vegan Options",
    "Meals": "Lunch, Dinner",
    "FEATURES": "Delivery, Takeout, Reservations, Outdoor Seating, Buffet, Seating, Parking Available, Street Parking, Highchairs Available, Wheelchair Accessible, Serves Alcohol, Accepts Mastercard, Accepts Visa, Free Wifi, Accepts Credit Cards, Table Service"
}, {
    "image": "https://media-cdn.tripadvisor.com/media/photo-s/10/7c/23/b1/photo0jpg",
    "cafeName": "Kedai Kebun",
    "cafeAddress": "Jln. Tirtodipuran No. 3 Mantrijeron, Yogyakarta 55143 Indonesia",
    "rating": "4.0 ",
    "CUISINES": "Asian, Indonesian",
    "Special_Diets": "Vegetarian Friendly, Vegan Options, Halal",
    "Meals": "Lunch, Dinner",
    "FEATURES": "Takeout, Reservations, Outdoor Seating, Seating, Delivery, Serves Alcohol, Table Service"
}, {
    "image": "https://media-cdn.tripadvisor.com/media/photo-s/12/17/68/d2/photo3jpg",
    "cafeName": "Ruang Tengah Cafe",
    "cafeAddress": "Jalan Patehan Lor No. 8, Yogyakarta 55133 Indonesia",
    "rating": "4.5 ",
    "PRICE_RANGE": "IDR 20,000 - IDR 100,000",
    "CUISINES": "Italian, Asian, Fusion, Indonesian, South American"
}, {
    "image": "https://media-cdn.tripadvisor.com/media/photo-s/0a/73/72/62/arroy-mak-mak.jpg",
    "cafeName": "Arroy Mak-Mak",
    "cafeAddress": "Jl. Malioboro No.3 Malioboro Mall, Yogyakarta 55271 Indonesia",
    "rating": "3.5 ",
    "CUISINES": "Thai, Healthy"
}, {
    "image": "https://media-cdn.tripadvisor.com/media/photo-s/1b/e1/99/5e/front-view.jpg",
    "cafeName": "Tempo Gelato Kaliurang",
    "cafeAddress": "Jl. Kaliurang Km. 5 No. 98 Mlati - Sleman Daerah Istimewa, Yogyakarta 55153 Indonesia",
    "rating": "4.5 ",
    "PRICE_RANGE": "IDR 25,000 - IDR 120,000",
    "CUISINES": "Cafe",
    "Special_Diets": "Vegan Options, Halal",
    "FEATURES": "Takeout, Seating, Parking Available, Free Wifi"
}, {
    "image": "https://media-cdn.tripadvisor.com/media/photo-s/0d/e0/77/07/punik-deli-interior.jpg",
    "cafeName": "Punika Deli",
    "cafeAddress": "Jalan Laksda Adisucipto no. 81 Lobby Hotel Royal Ambarrukmo Yogyakarta, Depok 55281 Indonesia",
    "rating": "4.5 ",
    "PRICE_RANGE": "IDR 30,000 - IDR 150,000",
    "CUISINES": "International, Cafe, Deli, Healthy, Wine Bar",
    "Meals": "Breakfast, Brunch, Lunch, Late Night, Drinks",
    "FEATURES": "Outdoor Seating, Parking Available, Validated Parking, Valet Parking, Wheelchair Accessible, Wine and Beer, Accepts American Express, Accepts Mastercard, Accepts Visa, Cash Only, Free Wifi, Delivery, Takeout, Reservations, Seating, Highchairs Available, Table Service"
}, {
    "image": "https://media-cdn.tripadvisor.com/media/photo-s/0d/3e/73/95/fb-img-14759864671062341.jpg",
    "cafeName": "J.Co Donuts Malioboro Mall",
    "cafeAddress": "Jl. Malioboro No.52-58 Mal Malioboro Lantai UG, 21-21A, Yogyakarta 55213 Indonesia",
    "rating": "4.0 ",
    "CUISINES": "Cafe, Fast Food"
}, {
    "image": "https://media-cdn.tripadvisor.com/media/photo-p/1b/e5/dc/c0/c360-2020-08-29-21-01.jpg",
    "cafeName": "Pendopo Kopi Walik",
    "cafeAddress": "Jl. Alun alun Utara Prawirodirjan, Gondomanan, Yogyakarta 55131 Indonesia",
    "rating": "4.5 ",
    "CUISINES": "Asian, Indonesian"
}, {
    "image": "https://media-cdn.tripadvisor.com/media/photo-s/13/7d/6a/e0/angkringan-kopi-joss.jpg",
    "cafeName": "Angkringan Kopi Jos Pak Agus",
    "cafeAddress": "Jl. P. Mangkubumi No.5 Sosromenduran, Gedong Tengen, Yogyakarta 55271 Indonesia",
    "rating": "4.0 ",
    "CUISINES": "Asian, Street Food, Indonesian"
}, {
    "image": "https://media-cdn.tripadvisor.com/media/photo-s/17/77/78/73/gudang-kopi.jpg",
    "cafeName": "Gudang Kopi Indonesia",
    "cafeAddress": "Jl. Gejayan No.8 Demangan, Gondokusuman, Yogyakarta 55222 Indonesia",
    "rating": "4.5 ",
    "CUISINES": "Asian, Indonesian"
}, {
    "image": "https://media-cdn.tripadvisor.com/media/photo-s/15/a6/4e/d4/maison-daruma-roastery.jpg",
    "cafeName": "Maison Daruma",
    "cafeAddress": "Jl. Ipda Tut Harsono No.48 Muja Muju, Umbulharjo, Yogyakarta 55165 Indonesia",
    "rating": "5.0 ",
    "PRICE_RANGE": "IDR 15,000 - IDR 40,000",
    "CUISINES": "International"
}, {
    "image": "https://media-cdn.tripadvisor.com/media/photo-s/19/bf/9f/08/p-20190823-144031-vhdr.jpg",
    "cafeName": "Beukenhof Restaurant",
    "cafeAddress": "Ullen Sentalu Museum, Sleman Indonesia",
    "rating": "4.0 ",
    "CUISINES": "European, International",
    "Special_Diets": "Vegetarian Friendly, Vegan Options, Halal",
    "Meals": "Lunch, Brunch, Dinner",
    "FEATURES": "Reservations, Outdoor Seating, Private Dining, Seating, Parking Available, Table Service"
}, {
    "image": "https://media-cdn.tripadvisor.com/media/photo-s/15/40/01/a4/photo0jpg",
    "cafeName": "Kesuma Restaurant",
    "cafeAddress": "Gang Sartono, 829 Mantrijeron III, Yogyakarta 55143 Indonesia",
    "rating": "4.5 ",
    "PRICE_RANGE": "IDR 80,000 - IDR 170,000",
    "CUISINES": "Indonesian",
    "Special_Diets": "Vegetarian Friendly, Vegan Options, Halal, Gluten Free Options",
    "Meals": "Dinner",
    "FEATURES": "Reservations, Seating, Wheelchair Accessible, Accepts Credit Cards, Table Service"
}, {
    "image": "https://media-cdn.tripadvisor.com/media/photo-s/17/02/d0/4a/3rd-floor-co-working.jpg",
    "cafeName": "Mak Semarangan Resto-Gallery-Coffee",
    "cafeAddress": "Jl. Monjali / Nyi Tjondrolukito no. 90A (depan Aizza Computer Monjali), Yogyakarta 52281 Indonesia",
    "rating": "4.0 ",
    "CUISINES": "Indonesian, Cafe, International, European, Portuguese",
    "Special_Diets": "Vegan Options, Halal, Vegetarian Friendly",
    "Meals": "Lunch, Dinner, Brunch",
    "FEATURES": "Takeout, Reservations, Table Service, Seating, Highchairs Available"
}, {
    "image": "https://media-cdn.tripadvisor.com/media/photo-s/14/21/e4/3e/chicken-garang-asam-with.jpg",
    "cafeName": "Rustik Bistro & Bar",
    "cafeAddress": "Jl. Mangkubumi no. 52 Harper Malioboro, Yogyakarta 55233 Indonesia",
    "rating": "4.5 ",
    "PRICE_RANGE": "IDR 20,000 - IDR 100,000",
    "CUISINES": "American, European, Asian, Indonesian",
    "Special_Diets": "Vegetarian Friendly, Vegan Options",
    "Meals": "Breakfast, Brunch, Lunch, Dinner, Late Night, Drinks",
    "FEATURES": "Seating, Reservations, Wheelchair Accessible, Table Service"
}, {
    "image": "https://media-cdn.tripadvisor.com/media/photo-s/13/8b/86/44/20180701-153939-largejpg",
    "cafeName": "The Blue Lotus Coffee House",
    "cafeAddress": "Jln. A.Yani 197, Semarang 50241 Indonesia",
    "rating": "4.0 ",
    "CUISINES": "Cafe, American, Indonesian",
    "Meals": "Breakfast, Lunch, Dinner",
    "FEATURES": "Parking Available, Highchairs Available, Serves Alcohol, Accepts Mastercard, Accepts Visa, Free Wifi, Seating, Takeout, Reservations, Accepts Credit Cards"
}, {
    "image": "https://media-cdn.tripadvisor.com/media/photo-s/10/92/c7/d5/cold-drip-coffee-aka.jpg",
    "cafeName": "Waroeng Kopi PRIJAJI",
    "cafeAddress": "Jln. Hasanudin Banjaran gg II/645b, Salatiga 50724 Indonesia",
    "rating": "4.5 ",
    "PRICE_RANGE": "IDR 16,000 - IDR 65,000",
    "CUISINES": "American, European, Indonesian",
    "Special_Diets": "Vegan Options, Vegetarian Friendly",
    "Meals": "Dinner, Drinks, Breakfast, Lunch, Brunch, Late Night",
    "FEATURES": "Reservations, Takeout, Parking Available, Street Parking, Free off-street parking, Television, Digital Payments, Cash Only, Table Service, Delivery, Seating, Highchairs Available, Accepts Credit Cards, Dog Friendly, Family style"
}, {
    "image": "https://media-cdn.tripadvisor.com/media/photo-s/13/c0/de/27/kunjungan-direktur-operasional.jpg",
    "cafeName": "Banaran 9 Coffee & Tea Krumput",
    "cafeAddress": "Jl. Raya Buntu - Banyumas (Krumput) Desa Karangrau, Banyumas 53192 Indonesia",
    "rating": "4.5 ",
    "CUISINES": "Asian, Indonesian",
    "Meals": "Breakfast, Lunch, Dinner"
}, {
    "image": "https://media-cdn.tripadvisor.com/media/photo-s/1a/f3/90/6b/variety.jpg",
    "cafeName": "J.CO Donuts",
    "cafeAddress": "Jl. Malioboro No. 52-58 Malioboro Mall, Yogyakarta 55213 Indonesia",
    "rating": "4.0 ",
    "CUISINES": "Fast Food"
}, {
    "image": "https://media-cdn.tripadvisor.com/media/photo-s/0b/c0/8c/88/cake-special-for-idul.jpg",
    "cafeName": "Chez Moi",
    "cafeAddress": "Jalan Sagan No. 12, Yogyakarta 55223 Indonesia",
    "rating": "4.0 ",
    "CUISINES": "French, Cafe"
}, {
    "image": "https://media-cdn.tripadvisor.com/media/photo-s/16/bb/d5/4b/20190224-185352-largejpg",
    "cafeName": "Yamie Panda Chapter Timoho",
    "cafeAddress": "Jl. Ipda Tut Harsono No.49 A Boen Brothers Building, Alive Fusion Dining, Yogyakarta 55165 Indonesia",
    "rating": "4.0 ",
    "CUISINES": "Chinese, Asian, Indonesian",
    "Special_Diets": "Halal",
    "Meals": "Dinner, Lunch",
    "FEATURES": "Table Service, Reservations, Seating"
}, {
    "image": "https://media-cdn.tripadvisor.com/media/photo-s/27/5e/2b/a4/caption.jpg",
    "cafeName": "KFC",
    "cafeAddress": "Jl. C. Simanjuntak No.73 Terban, Gondokusuman, Yogyakarta 55281 Indonesia",
    "rating": "3.5 ",
    "Meals": "Breakfast, Lunch, Dinner"
}, {
    "image": "https://media-cdn.tripadvisor.com/media/photo-s/16/fa/eb/22/aneka-makanan-berjalan.jpg",
    "cafeName": "Sumo Sushi Bar",
    "cafeAddress": "Jl. Laksda Adisucipto No. 32-34 Lippo Plaza Jogja, Ground Floor, Yogyakarta 55221 Indonesia",
    "rating": "3.0 ",
    "CUISINES": "Japanese, Bar",
    "Meals": "Breakfast, Lunch, Dinner"
}, {
    "image": "https://media-cdn.tripadvisor.com/media/photo-s/2a/51/da/30/get-the-best-of-both.jpg",
    "cafeName": "Karta Coffee & Eatery",
    "cafeAddress": "Jl. Malioboro No. 52-58 Plaza Malioboro, 1st Floor, Unit 13, Yogyakarta 55213 Indonesia",
    "rating": "5.0 ",
    "PRICE_RANGE": "IDR 10,000 - IDR 550,000",
    "CUISINES": "American, Asian, Beer restaurants, Cafe, Indonesian",
    "Meals": "Breakfast, Lunch, Dinner, Brunch, Drinks",
    "FEATURES": "Delivery, Takeout, Reservations, Outdoor Seating, Seating, Parking Available, Serves Alcohol, Wine and Beer, Accepts Mastercard, Accepts Visa, Digital Payments, Free Wifi, Accepts Credit Cards"
}, {
    "image": "https://media-cdn.tripadvisor.com/media/photo-s/0b/57/85/1e/buffet-setting-at-gazebo.jpg",
    "cafeName": "Gazebo Garden Restaurant",
    "cafeAddress": "Jl. Brigjen Katamso Jl. Ireda, Keparakan, Yogyakarta 55152 Indonesia",
    "rating": "4.0 ",
    "CUISINES": "Asian, Indonesian",
    "Special_Diets": "Vegetarian Friendly",
    "Meals": "Dinner"
}, {
    "image": "https://media-cdn.tripadvisor.com/media/photo-s/1a/5e/17/e4/caption.jpg",
    "cafeName": "McDonald's",
    "cafeAddress": "Jl. Malioboro No. 52-58 Plaza Malioboro, Yogyakarta 55213 Indonesia",
    "rating": "4.0 ",
    "CUISINES": "Fast Food",
    "Meals": "Breakfast, Brunch, Dinner",
    "FEATURES": "Takeout"
}, {
    "image": "https://media-cdn.tripadvisor.com/media/photo-s/0e/5f/68/26/restaurant.jpg",
    "cafeName": "Noodles Now Restaurant",
    "cafeAddress": "Jl. Pasar Kembang No. 21 Hotel Neo Malioboro, Yogyakarta 55271 Indonesia",
    "rating": "4.0 ",
    "PRICE_RANGE": "IDR 32,000 - IDR 127,000",
    "CUISINES": "Asian",
    "Meals": "Breakfast, Brunch",
    "FEATURES": "Seating, Wheelchair Accessible, Reservations, Table Service"
}, {
    "image": "https://media-cdn.tripadvisor.com/media/photo-s/1a/07/ef/4c/food.jpg",
    "cafeName": "Gudeg Pawon",
    "cafeAddress": "Jl. Janturan 36-38, Veteran Warungboto, Umbulharjo, Yogyakarta 55164 Indonesia",
    "rating": "4.0 ",
    "CUISINES": "Asian, Indonesian",
    "Special_Diets": "Halal",
    "Meals": "Dinner, Late Night",
    "FEATURES": "Takeout, Outdoor Seating"
}, {
    "image": "https://media-cdn.tripadvisor.com/media/photo-p/2a/40/06/e9/caption.jpg",
    "cafeName": "Gandhok Group",
    "cafeAddress": "Jl. Nogosari Lor No.10 Kadipaten, Kraton, Yogyakarta 55132 Indonesia",
    "rating": "5.0 "
}, {
    "image": "https://media-cdn.tripadvisor.com/media/photo-p/2a/40/06/e9/caption.jpg",
    "cafeName": "Gandhok Group",
    "cafeAddress": "Jl. Nogosari Lor No.10 Kadipaten, Kraton, Yogyakarta 55132 Indonesia",
    "rating": "5.0 "
}, {
    "image": "https://media-cdn.tripadvisor.com/media/photo-s/15/6c/b5/e6/suasana-malam-di-renzo.jpg",
    "cafeName": "Renzo Cafe and Resto",
    "cafeAddress": "Jl. Prawirotaman No.27 Brontokusuman, Mergangsan, Yogyakarta 55153 Indonesia",
    "rating": "3.5 ",
    "CUISINES": "Asian, Indonesian, Cafe, European, Beer restaurants",
    "Meals": "Breakfast, Lunch, Dinner, Brunch, Drinks",
    "FEATURES": "Reservations, Takeout, Buffet, Serves Alcohol, Wine and Beer, Free Wifi"
}, {
    "image": "https://media-cdn.tripadvisor.com/media/photo-s/08/b1/37/30/djoeragan-susu.jpg",
    "cafeName": "Djoeragan Susu",
    "cafeAddress": "Jl. Bantul No.74, Yogyakarta 55142 Indonesia",
    "rating": "3.5 ",
    "CUISINES": "Cafe"
}, {
    "image": "https://media-cdn.tripadvisor.com/media/photo-p/06/88/6f/7a/getlstd-property-photo.jpg",
    "cafeName": "Coffee Jogja Corner",
    "cafeAddress": "Jl. Sosrowijayan, Yogyakarta 55271 Indonesia",
    "rating": "3.5 ",
    "CUISINES": "Cafe"
}, {
    "image": "",
    "cafeName": "Kebun Bibi",
    "cafeAddress": "Jl. Minggiran No.61A MJ II Mantrijeron, Yogyakarta 55141 Indonesia",
    "rating": "4.5 ",
    "CUISINES": "Cafe"
}, {
    "image": "https://media-cdn.tripadvisor.com/media/photo-s/11/5c/83/e1/img-20170611-143811-largejpg",
    "cafeName": "No. 27 Coffee & Eatery",
    "cafeAddress": "Jl. Demangan Baru No.14, Caturtunggal 55281 Indonesia",
    "rating": "4.5 ",
    "CUISINES": "American, Cafe, International, Asian, Australian, Indonesian",
    "Meals": "Brunch, Breakfast, Lunch, Dinner",
    "FEATURES": "Delivery, Outdoor Seating, Seating, Parking Available, Free Wifi, Reservations, Wheelchair Accessible"
}, {
    "image": "https://media-cdn.tripadvisor.com/media/photo-s/11/90/61/0e/warm-coffee-bar-with.jpg",
    "cafeName": "NOX Coffee Boutique",
    "cafeAddress": "Jl. Kaliurang KM. 5 No. 53 2nd Floor, Natasha Skin Clinic Center, Caturtunggal 55281 Indonesia",
    "rating": "4.5 ",
    "PRICE_RANGE": "IDR 20,000 - IDR 120,000",
    "CUISINES": "American, Cafe, European",
    "Special_Diets": "Vegetarian Friendly",
    "Meals": "Breakfast, Drinks, Lunch, Dinner, Brunch",
    "FEATURES": "Seating, Parking Available, Serves Alcohol, Digital Payments, Free Wifi, Takeout, Outdoor Seating"
}, {
    "image": "https://media-cdn.tripadvisor.com/media/photo-s/09/71/70/3d/dsc-0287-largejpg",
    "cafeName": "Tong Tji Cafe Lobby Hotel Hom Semarang",
    "cafeAddress": "Jln. Pandanaran 119 Lobby Level Hotel Hom Semarang, Semarang 50134 Indonesia",
    "rating": "4.5 ",
    "CUISINES": "Cafe, Indonesian, Asian",
    "Special_Diets": "Vegan Options, Halal, Vegetarian Friendly",
    "Meals": "Lunch, Brunch, Breakfast, Dinner",
    "FEATURES": "Seating, Takeout, Reservations, Table Service"
}, {
    "image": "https://media-cdn.tripadvisor.com/media/photo-s/0e/77/77/58/photo2jpg",
    "cafeName": "Alea Coffeeshop",
    "cafeAddress": "Jl. Balaputradewa no. 58 Borobudur Temple, Borobudur, Magelang 56553 Indonesia",
    "rating": "4.5 ",
    "PRICE_RANGE": "IDR 6,000 - IDR 60,000",
    "CUISINES": "Asian, Cafe, Indonesian",
    "Special_Diets": "Vegetarian Friendly, Vegan Options",
    "Meals": "Breakfast, Lunch, Dinner, Brunch",
    "FEATURES": "Outdoor Seating, Seating, Free Wifi, Table Service, Serves Alcohol"
}, {
    "image": "https://media-cdn.tripadvisor.com/media/photo-s/0e/a1/39/fe/ruang-ber-ac-dari-sisi.jpg",
    "cafeName": "Eastern Kopi TM",
    "cafeAddress": "Jl. Seturan Raya No.A9-10, Caturtunggal 55281 Indonesia",
    "rating": "4.0 ",
    "CUISINES": "Asian, Indonesian",
    "Special_Diets": "Halal, Vegetarian Friendly, Vegan Options",
    "Meals": "Lunch, Brunch, Breakfast, Dinner",
    "FEATURES": "Takeout, Outdoor Seating, Seating, Table Service"
}, {
    "image": "https://media-cdn.tripadvisor.com/media/photo-s/17/f7/61/6a/main-dining-area-ching.jpg",
    "cafeName": "Ching San Restaurant",
    "cafeAddress": "Jl. Mayor Suryotomo No.31 Meliá Purosani Yogyakarta, 55122 Indonesia",
    "rating": "4.5 ",
    "PRICE_RANGE": "IDR 30,000 - IDR 1,500,000",
    "CUISINES": "Chinese, Asian",
    "Special_Diets": "Vegetarian Friendly, Vegan Options",
    "Meals": "Lunch, Dinner, Brunch",
    "FEATURES": "Reservations, Parking Available, Validated Parking, Valet Parking, Wheelchair Accessible, Accepts American Express, Accepts Mastercard, Accepts Visa, Digital Payments, Cash Only, Free Wifi, Takeout, Seating, Highchairs Available, Table Service"
}, {
    "image": "https://media-cdn.tripadvisor.com/media/photo-s/12/52/c7/5f/inside-1-st-floor.jpg",
    "cafeName": "Sushi Tei",
    "cafeAddress": "Jalan Gejayan Komplek Colombo No. 9, Caturtunggal 55222 Indonesia",
    "rating": "4.0 ",
    "CUISINES": "Japanese, Sushi, Asian",
    "Special_Diets": "Vegetarian Friendly, Vegan Options, Gluten Free Options",
    "Meals": "Lunch, Dinner, Brunch",
    "FEATURES": "Delivery, Takeout, Reservations, Seating, Highchairs Available, Wheelchair Accessible, Table Service"
}, {
    "image": "https://media-cdn.tripadvisor.com/media/photo-s/0e/29/9d/55/img-20170115-wa0006-largejpg",
    "cafeName": "Sate Klatak Pak Yakut",
    "cafeAddress": "Jalan Wates Km 3, Ngestiharjo 55184 Indonesia",
    "rating": "4.5 ",
    "CUISINES": "Asian, Indonesian"
}, {
    "image": "https://media-cdn.tripadvisor.com/media/photo-s/11/86/a7/0f/dsc02521-largejpg",
    "cafeName": "Kalimilk",
    "cafeAddress": "Jl. Lempongsari Raya no 251 Monjali Ngaglik Jl. Kaliurang KM 4.9, Sleman Indonesia",
    "rating": "4.0 ",
    "CUISINES": "Cafe, Indonesian",
    "Special_Diets": "Halal",
    "Meals": "Lunch, Dinner, Brunch, Late Night, Drinks",
    "FEATURES": "Takeout, Reservations, Seating, Free Wifi"
}, {
    "image": "https://media-cdn.tripadvisor.com/media/photo-s/29/61/11/be/caption.jpg",
    "cafeName": "Adam's Coffee & Pastry",
    "cafeAddress": "Jl. Prawirotaman No.1 No. 30, Brontokusuman, Kec., Yogyakarta Indonesia",
    "rating": "5.0 ",
    "CUISINES": "Cafe, European, Asian, Australian, Indonesian",
    "Meals": "Breakfast, Lunch, Dinner, Brunch, Drinks",
    "FEATURES": "Accepts Visa, Accepts Credit Cards"
}, {
    "image": "https://media-cdn.tripadvisor.com/media/photo-s/14/af/fb/22/the-facade.jpg",
    "cafeName": "Secret Garden Coffee and Chocolate",
    "cafeAddress": "Jalan Amri Yahya No.2, Yogyakarta 55252 Indonesia",
    "rating": "3.5 ",
    "CUISINES": "American, Indonesian",
    "Meals": "Dinner"
}, {
    "image": "https://media-cdn.tripadvisor.com/media/photo-s/14/5f/ea/75/second-floor-indoor.jpg",
    "cafeName": "Jomo Coffee Eatery",
    "cafeAddress": "Jl. Raya kledokan, gang garuni II no 8 Condongcatur, Yogyakarta 55281 Indonesia",
    "rating": "5.0 ",
    "PRICE_RANGE": "IDR 15,000 - IDR 45,000",
    "CUISINES": "Chinese, European, Asian, Indonesian",
    "Meals": "Lunch, Dinner, Brunch, Late Night, Drinks",
    "FEATURES": "Reservations, Outdoor Seating, Parking Available, Television, Free Wifi, Accepts Credit Cards"
}, {
    "image": "https://media-cdn.tripadvisor.com/media/photo-s/11/8f/1e/e2/our-romantic-terrace.jpg",
    "cafeName": "The Sawah",
    "cafeAddress": "Sekarpetak RT/RW 01/37 Number 1 Bangunjiwo, Kasihan 55184 Indonesia",
    "rating": "5.0 ",
    "PRICE_RANGE": "IDR 169,000 - IDR 202,000",
    "CUISINES": "Asian, Indonesian",
    "Special_Diets": "Vegetarian Friendly, Vegan Options",
    "Meals": "Lunch, Dinner",
    "FEATURES": "Parking Available, Street Parking, Serves Alcohol, Wine and Beer, Cash Only, Free Wifi, Reservations, Outdoor Seating, Private Dining, Seating, Accepts Mastercard, Accepts Visa, Table Service, Accepts Credit Cards"
}, {
    "image": "https://media-cdn.tripadvisor.com/media/photo-s/12/19/30/81/kopi.jpg",
    "cafeName": "Kofinary Espresso Bar",
    "cafeAddress": "Jln. Dr. Cipto no. 183B, Semarang 50124 Indonesia",
    "rating": "4.5 ",
    "CUISINES": "Cafe"
}, {
    "image": "https://media-cdn.tripadvisor.com/media/photo-s/0d/ef/59/c1/who-needs-larger-space.jpg",
    "cafeName": "SUA Coffee",
    "cafeAddress": "Jl. Kranji Serang No 8 Wonorejo, Sariharjo 55581 Indonesia",
    "rating": "4.0 ",
    "PRICE_RANGE": "IDR 16,000 - IDR 28,000",
    "CUISINES": "Indonesian, Cafe",
    "FEATURES": "Seating"
}, {
    "image": "https://media-cdn.tripadvisor.com/media/photo-s/07/02/63/8b/six-senses-kitchen.jpg",
    "cafeName": "Sixsenses Kitchen",
    "cafeAddress": "Jln. Mayjen DI. Panjaitan No. 39, Yogyakarta 55143 Indonesia",
    "rating": "4.5 ",
    "PRICE_RANGE": "IDR 759,369,024 - IDR 2,147,483,647",
    "CUISINES": "Spanish, Wine Bar, Catalan",
    "Special_Diets": "Vegetarian Friendly, Vegan Options, Gluten Free Options"
}, {
    "image": "https://media-cdn.tripadvisor.com/media/photo-s/15/01/09/1a/cheesy-beef-burger-with.jpg",
    "cafeName": "Svarga Coffee and Eatery",
    "cafeAddress": "Jl. Garuda No. 26 Mrican, Caturtunggal, Depok 55281 Indonesia",
    "rating": "5.0 ",
    "PRICE_RANGE": "IDR 20,000 - IDR 45,000",
    "CUISINES": "Italian, American, Asian, Cafe, Indonesian",
    "Meals": "Lunch, Dinner, Breakfast",
    "FEATURES": "Seating, Reservations, Table Service"
}, {
    "image": "https://media-cdn.tripadvisor.com/media/photo-s/0f/9a/b6/67/best-cafe-near-hyatt.jpg",
    "cafeName": "Peacock Coffee",
    "cafeAddress": "Jl. Palagan Tentara Pelajar No. 61C, Sariharjo 55581 Indonesia",
    "rating": "4.0 "
}, {
    "image": "https://media-cdn.tripadvisor.com/media/photo-s/17/64/f8/c2/pengantar-kopi.jpg",
    "cafeName": "Pengantar Kopi",
    "cafeAddress": "Jl. Tukangan, Gang Hansip Karno Waluyo DN II/664 Tegal Panggung Danurejan, Yogyakarta 55212 Indonesia",
    "rating": "5.0 ",
    "CUISINES": "Cafe, Asian, Indonesian"
}, {
    "image": "https://media-cdn.tripadvisor.com/media/photo-o/03/a4/76/1d/dun-s-coffee-tea.jpg",
    "cafeName": "Dun's Coffee & Tea",
    "cafeAddress": "Jalan Dr. Soeparno no.768 Arcawinangun, Purwokerto Indonesia",
    "rating": "3.0 ",
    "CUISINES": "Cafe"
}, {
    "image": "",
    "cafeName": "Trem Coffee and Tea",
    "cafeAddress": "Jl. Tusam Timur Raya no. 35A, Semarang 50268 Indonesia",
    "rating": ""
}, {
    "image": "https://media-cdn.tripadvisor.com/media/photo-s/17/58/fb/68/tempat-baru-kami.jpg",
    "cafeName": "Bahasa Kopi",
    "cafeAddress": "Jl. Flamboyan No.6 Karang Gayam, Depok 55281 Indonesia",
    "rating": "4.5 ",
    "PRICE_RANGE": "IDR 18,000 - IDR 25,000",
    "CUISINES": "International, Asian, Indonesian",
    "Meals": "Breakfast, Lunch, Brunch, Drinks, Dinner",
    "FEATURES": "Delivery, Takeout, Outdoor Seating, Seating, Parking Available, Street Parking, Free off-street parking, Cash Only, Free Wifi"
}, {
    "image": "https://media-cdn.tripadvisor.com/media/photo-s/10/ad/07/2c/getlstd-property-photo.jpg",
    "cafeName": "Space Coffee Roastery",
    "cafeAddress": "Gg Loncang No. 88, Sinduadi 55284 Indonesia",
    "rating": "5.0 ",
    "PRICE_RANGE": "IDR 20,000 - IDR 35,000",
    "CUISINES": "Japanese, American, European, Asian, Indonesian, Central European",
    "Meals": "Breakfast, Lunch, Dinner"
}, {
    "image": "https://media-cdn.tripadvisor.com/media/photo-s/13/73/ad/70/banaran-9-coffee-ambarawa.jpg",
    "cafeName": "Banaran 9 Coffee & Tea",
    "cafeAddress": "Jl Raya Semarang - Yogyakarta Gemawang Kecamatan Jambu, Ambarawa Indonesia",
    "rating": "4.0 ",
    "CUISINES": "Indonesian",
    "Meals": "Breakfast, Lunch",
    "FEATURES": "Reservations, Seating"
}, {
    "image": "https://media-cdn.tripadvisor.com/media/photo-s/0c/01/54/94/cap-cay-nya-lengkap-dengan.jpg",
    "cafeName": "Warung Bakmi Ketandan",
    "cafeAddress": "Jl. Bhayangkara No.17, Yogyakarta 55261 Indonesia",
    "rating": "4.5 ",
    "CUISINES": "Chinese, Asian, Indonesian",
    "Meals": "Dinner",
    "FEATURES": "Takeout, Seating"
}, {
    "image": "https://media-cdn.tripadvisor.com/media/photo-s/11/a2/d6/af/20171230-183341-largejpg",
    "cafeName": "Lie Djiong",
    "cafeAddress": "Jl. Brigjen Katamso No.21 Prawirodirjan, Gondomanan, Yogyakarta 55121 Indonesia",
    "rating": "4.0 ",
    "CUISINES": "Chinese, Asian",
    "Meals": "Lunch, Dinner",
    "FEATURES": "Takeout, Seating, Wheelchair Accessible, Table Service"
}, {
    "image": "https://media-cdn.tripadvisor.com/media/photo-s/0b/6c/09/73/20160528-132015-largejpg",
    "cafeName": "Sate Ayam Podomoro",
    "cafeAddress": "Jl. Mataram No.11, Yogyakarta 55213 Indonesia",
    "rating": "4.5 ",
    "CUISINES": "Asian, Indonesian",
    "Meals": "Dinner, Lunch",
    "FEATURES": "Takeout, Seating, Table Service"
}, {
    "image": "https://media-cdn.tripadvisor.com/media/photo-s/11/40/29/15/photo2jpg",
    "cafeName": "Nasi Goreng Beringharjo",
    "cafeAddress": "Jl. Limaran Ngupasan, Kec. Gondomanan, Yogyakarta 55122 Indonesia",
    "rating": "4.0 ",
    "CUISINES": "Asian, Indonesian",
    "Meals": "Dinner"
}, {
    "image": "https://media-cdn.tripadvisor.com/media/photo-s/09/90/2b/f1/bakso-jawi-bu-miyar-depan.jpg",
    "cafeName": "Bakso Jawi Bu Miyar",
    "cafeAddress": "Jl. Jogonegaran No.55D, Yogyakarta 55272 Indonesia",
    "rating": "4.5 ",
    "CUISINES": "Asian, Indonesian",
    "FEATURES": "Takeout"
}, {
    "image": "https://media-cdn.tripadvisor.com/media/photo-s/0a/b2/f4/2f/getlstd-property-photo.jpg",
    "cafeName": "Cats and Coffee",
    "cafeAddress": "Jl. Bougenville Caturtunggal, Sleman 55281 Indonesia",
    "rating": "4.0 ",
    "PRICE_RANGE": "IDR 17,000 - IDR 32,000",
    "CUISINES": "American, Asian, Indonesian"
}, {
    "image": "https://media-cdn.tripadvisor.com/media/photo-s/0a/4e/94/5a/buffet.jpg",
    "cafeName": "Ndalem Ngabean Resto & Butik",
    "cafeAddress": "Jl. Ngadisuryan No.6 Patehan, Kecamatan Kraton, Yogyakarta 55133 Indonesia",
    "rating": "4.0 ",
    "CUISINES": "Asian, Indonesian",
    "Special_Diets": "Vegetarian Friendly, Halal",
    "Meals": "Lunch, Dinner",
    "FEATURES": "Reservations, Seating, Serves Alcohol, Table Service"
}, {
    "image": "https://media-cdn.tripadvisor.com/media/photo-s/10/c7/f1/b7/dalam-toko.jpg",
    "cafeName": "Bakpia Merlino",
    "cafeAddress": "Jl. Pakuningratan No.55 Cokrodiningratan, Kec. Jetis, Yogyakarta 55233 Indonesia",
    "rating": "4.0 ",
    "CUISINES": "Cafe, International, Asian, Indonesian",
    "Special_Diets": "Halal"
}, {
    "image": "",
    "cafeName": "Gudeg Yu Narni Tugu",
    "cafeAddress": "Jl. Margo Utomo, Yogyakarta 55233 Indonesia",
    "rating": "4.0 ",
    "PRICE_RANGE": "IDR 8,000 - IDR 240,000",
    "CUISINES": "Asian, Indonesian"
}, {
    "image": "https://media-cdn.tripadvisor.com/media/photo-s/08/c8/00/06/satay-de-poulet.jpg",
    "cafeName": "Restoran Jawa Timur Tante Lies",
    "cafeAddress": "Jl. Parangtritis No.75 Kec. Mergangsan, Yogyakarta 55143 Indonesia",
    "rating": "4.0 ",
    "CUISINES": "Indonesian, Asian",
    "Meals": "Dinner",
    "FEATURES": "Takeout"
}, {
    "image": "https://media-cdn.tripadvisor.com/media/photo-s/12/22/1f/f0/mozarella-bread-roll.jpg",
    "cafeName": "Art Kitchen Resto",
    "cafeAddress": "Jl. Prawirotaman 2 No.629 Greenhost Boutique Hotel, Brontokusuman, Kec. Mergangsan, Yogyakarta 55153 Indonesia",
    "rating": "4.0 ",
    "CUISINES": "International, Asian, Indonesian",
    "Special_Diets": "Vegetarian Friendly, Vegan Options",
    "Meals": "Breakfast, Lunch, Dinner, Brunch"
}, {
    "image": "https://media-cdn.tripadvisor.com/media/photo-s/15/c8/91/90/main-entrance-of-the.jpg",
    "cafeName": "Tempo Gelato Tamansiswa",
    "cafeAddress": "Jl. Tamansiswa 56 Wirogunan, Mergangsan, Yogyakarta 55151 Indonesia",
    "rating": "4.5 ",
    "PRICE_RANGE": "IDR 25,000 - IDR 120,000",
    "Special_Diets": "Halal",
    "FEATURES": "Seating, Parking Available, Takeout, Free Wifi"
}, {
    "image": "https://media-cdn.tripadvisor.com/media/photo-s/15/c2/36/b4/now-this-is-one-of-our.jpg",
    "cafeName": "Java Poetry Restaurant",
    "cafeAddress": "Jl. Dewi Sartika No. 17, Sagan, Gondokusuman, Yogyakarta 55223 Indonesia",
    "rating": "4.0 ",
    "CUISINES": "International, Asian, Indonesian",
    "Meals": "Breakfast, Lunch, Dinner, Brunch, Late Night, Drinks",
    "FEATURES": "Reservations, Outdoor Seating, Seating, Parking Available, Street Parking, Highchairs Available, Accepts Mastercard, Accepts Visa, Digital Payments, Free Wifi, Delivery, Takeout, Free off-street parking, Accepts Credit Cards"
}, {
    "image": "https://media-cdn.tripadvisor.com/media/photo-s/0b/c3/85/b3/innards-satay.jpg",
    "cafeName": "Soto Ayam Pak Man",
    "cafeAddress": "Jl. Prof. Herman Yohanes No.1115 Terban, Gondokusuman, Yogyakarta 52281 Indonesia",
    "rating": "4.0 ",
    "CUISINES": "Asian, Indonesian",
    "Meals": "Breakfast"
}, {
    "image": "",
    "cafeName": "McDonald's",
    "cafeAddress": "Jl. Jendral Sudirman No. 38, Yogyakarta 55224 Indonesia",
    "rating": "3.5 ",
    "CUISINES": "Fast Food",
    "Meals": "Breakfast"
}, {
    "image": "https://media-cdn.tripadvisor.com/media/photo-w/1c/d8/c1/bf/img20210411185459-01.jpg",
    "cafeName": "Bakmi & Bajigur Kadin",
    "cafeAddress": "Jl. Bintaran Kidul No.6, Yogyakarta 55151 Indonesia",
    "rating": "3.5 ",
    "CUISINES": "Asian, Indonesian",
    "Special_Diets": "Halal",
    "Meals": "Dinner",
    "FEATURES": "Takeout, Seating, Table Service, Live Music"
}, {
    "image": "https://media-cdn.tripadvisor.com/media/photo-s/19/e9/8a/ba/oseng-mercon-bu-narti.jpg",
    "cafeName": "Oseng Mercon Bu Narti",
    "cafeAddress": "Jl. KH. Ahmad Dahlan No.107 Notoprajan, Ngampilan, Yogyakarta 55262 Indonesia",
    "rating": "3.5 ",
    "CUISINES": "Asian, Indonesian",
    "Meals": "Dinner",
    "FEATURES": "Takeout"
}, {
    "image": "https://media-cdn.tripadvisor.com/media/photo-w/14/11/71/84/20180721-184750-largejpg",
    "cafeName": "Turi Turi Coffee",
    "cafeAddress": "Jl. Magelang Embung Kaliaji,, Turi 55551 Indonesia",
    "rating": "4.5 ",
    "CUISINES": "Asian, Indonesian",
    "Meals": "Breakfast, Lunch, Dinner"
}, {
    "image": "https://media-cdn.tripadvisor.com/media/photo-w/15/88/40/e3/suasana-ruangan-no-smooking.jpg",
    "cafeName": "Panties Pizza",
    "cafeAddress": "Jln. Gejayan, Depok 55281 Indonesia",
    "rating": "3.5 ",
    "CUISINES": "Pizza",
    "Meals": "Lunch, Dinner, Brunch",
    "FEATURES": "Delivery, Takeout"
}, {
    "image": "https://media-cdn.tripadvisor.com/media/photo-s/12/4e/21/bd/yogyakarta-kitchen.jpg",
    "cafeName": "Yogyakarta Kitchen by Marriott",
    "cafeAddress": "Jl. Ringroad Utara Yogyakarta Marriott Hotel, Depok 55283 Indonesia",
    "rating": "5.0 ",
    "PRICE_RANGE": "IDR 35,000 - IDR 450,000",
    "CUISINES": "Chinese, Japanese, International, Asian, Indonesian",
    "Special_Diets": "Vegetarian Friendly, Vegan Options, Halal, Gluten Free Options",
    "Meals": "Breakfast, Lunch, Dinner, Drinks",
    "FEATURES": "Takeout, Reservations, Buffet, Seating, Parking Available, Validated Parking, Valet Parking, Highchairs Available, Wheelchair Accessible, Serves Alcohol, Full Bar, Free Wifi, Accepts Credit Cards, Table Service, Wine and Beer"
}, {
    "image": "https://media-cdn.tripadvisor.com/media/photo-s/0c/57/08/04/blackbone-coffee.jpg",
    "cafeName": "Blackbone Coffee Yogyakarta",
    "cafeAddress": "Jl Kaliurang km 5, Gg Sitisonya No 88 Belakang Mcd Jakal, Sinduadi 55281 Indonesia",
    "rating": "4.5 ",
    "CUISINES": "Cafe, Asian, Indonesian",
    "Meals": "Breakfast, Lunch, Dinner, Brunch",
    "FEATURES": "Seating"
}, {
    "image": "https://media-cdn.tripadvisor.com/media/photo-s/16/b7/0e/65/view-of-the-restaurant.jpg",
    "cafeName": "Kurnia Village Jogja",
    "cafeAddress": "Jl. Adi Sucipto no. 48-B, Yogyakarta 52281 Indonesia",
    "rating": "4.0 ",
    "PRICE_RANGE": "IDR 18,000 - IDR 85,000",
    "CUISINES": "Asian, Indonesian",
    "Special_Diets": "Halal, Vegetarian Friendly, Vegan Options",
    "Meals": "Lunch, Dinner, Breakfast, Brunch",
    "FEATURES": "Takeout, Reservations, Seating, Parking Available, Outdoor Seating, Wheelchair Accessible, Table Service"
}, {
    "image": "https://media-cdn.tripadvisor.com/media/photo-s/1a/f2/68/0f/20200218-192151-largejpg",
    "cafeName": "May Star Restaurant",
    "cafeAddress": "Jl. Magelang Km 6 No. 18 Jogja City Mall Level 2, Yogyakarta 55284 Indonesia",
    "rating": "4.0 ",
    "CUISINES": "Chinese"
}, {
    "image": "",
    "cafeName": "Nasi Pecel Bu Dwi Asli Madiun",
    "cafeAddress": "Jalan Gajahmada No 15, Yogyakarta Indonesia",
    "rating": "5.0 ",
    "CUISINES": "Asian, Indonesian",
    "Meals": "Breakfast, Lunch"
}, {
    "image": "https://media-cdn.tripadvisor.com/media/photo-s/29/e0/10/5e/caption.jpg",
    "cafeName": "Zabunch Prawirotaman",
    "cafeAddress": "Jalan Prawirotaman No.49 Brontokusuman, Kec. Mergangsan, Yogyakarta 55153 Indonesia",
    "rating": "5.0 ",
    "Meals": "Lunch, Dinner"
}, {
    "image": "https://media-cdn.tripadvisor.com/media/photo-s/08/ee/a9/03/terrasse-mit-ausblick.jpg",
    "cafeName": "Kali Opak",
    "cafeAddress": "Bokoharjo village Ngablak, Prambanan Indonesia",
    "rating": "3.5 ",
    "CUISINES": "Asian, Indonesian",
    "Special_Diets": "Vegetarian Friendly, Vegan Options",
    "Meals": "Dinner, Lunch",
    "FEATURES": "Reservations, Outdoor Seating, Seating, Parking Available, Serves Alcohol, Free Wifi, Table Service"
}, {
    "image": "",
    "cafeName": "Warung Bu Ning, Mozes Gatotkaca",
    "cafeAddress": "Jl. Mozes Gatotkaca No. A 17, Yogyakarta Indonesia",
    "rating": "4.0 ",
    "CUISINES": "Asian, Indonesian"
}, {
    "image": "https://media-cdn.tripadvisor.com/media/photo-s/11/44/90/81/prawn-salted-egg.jpg",
    "cafeName": "Verve Bistro & Coffee Bar",
    "cafeAddress": "Jl. Pemuda no.150 Rooms Inc Hotel, Semarang 50132 Indonesia",
    "rating": "4.5 ",
    "PRICE_RANGE": "IDR 30,000 - IDR 165,000",
    "CUISINES": "Japanese, International, Asian, Indonesian, Bar, Pub",
    "Special_Diets": "Vegan Options, Vegetarian Friendly",
    "Meals": "Breakfast, Lunch, Dinner, Brunch",
    "FEATURES": "Wheelchair Accessible, Table Service, Takeout, Reservations, Seating, Live Music"
}, {
    "image": "https://media-cdn.tripadvisor.com/media/photo-s/11/a7/df/99/20180102-183308-largejpg",
    "cafeName": "Coffee and Beyond",
    "cafeAddress": "Jln. P. Diponegoro no. 15, Pekalongan 51146 Indonesia",
    "rating": "4.5 ",
    "PRICE_RANGE": "IDR 25,000 - IDR 60,000",
    "CUISINES": "International, Asian, Indonesian, Cafe",
    "Meals": "Breakfast, Brunch, Drinks, Lunch, Dinner",
    "FEATURES": "Seating, Parking Available, Street Parking, Television, Highchairs Available, Accepts Mastercard, Accepts Visa, Cash Only, Free Wifi, Takeout, Reservations, Wheelchair Accessible, Table Service"
}, {
    "image": "https://media-cdn.tripadvisor.com/media/photo-s/11/13/0b/a7/light-meal.jpg",
    "cafeName": "EPIC Coffee",
    "cafeAddress": "Palagan Tentara Pelajar Street No.29 Utara Swalayan Mirota Palagan, Sleman 55581 Indonesia",
    "rating": "4.0 ",
    "PRICE_RANGE": "IDR 15,000 - IDR 140,000",
    "CUISINES": "Cafe",
    "Meals": "Dinner, Brunch, Lunch",
    "FEATURES": "Takeout, Reservations, Outdoor Seating, Seating, Parking Available, Highchairs Available, Wheelchair Accessible, Accepts Mastercard, Accepts Visa, Free Wifi, Accepts Credit Cards, Table Service"
}, {
    "image": "https://media-cdn.tripadvisor.com/media/photo-s/16/41/a7/b8/img-20190113-142731-largejpg",
    "cafeName": "Brevewell Coffee and Tea House",
    "cafeAddress": "Jl. Gelora Indah 1 no. 9 Daerah Gor Satria Purwokerto, Purwokerto 53114 Indonesia",
    "rating": "4.5 ",
    "CUISINES": "International, European, Asian, Indonesian, Central European, Central Asian, Arabic"
}, {
    "image": "https://media-cdn.tripadvisor.com/media/photo-s/12/96/71/63/outdoor-coffee-hut-and.jpg",
    "cafeName": "Banaran 9  Coffee & Tea",
    "cafeAddress": "Jl. Tri Lomba Juang No. 3, Semarang 50249 Indonesia",
    "rating": "4.5 ",
    "CUISINES": "Cafe",
    "Meals": "Breakfast, Lunch, Dinner"
}, {
    "image": "https://media-cdn.tripadvisor.com/media/photo-s/0b/9e/73/a3/when-you-need-a-coffee.jpg",
    "cafeName": "Darat Coffee Lab",
    "cafeAddress": "Jalan Nangka V No. 7A, Depok 55598 Indonesia",
    "rating": "4.5 ",
    "PRICE_RANGE": "IDR 20,000 - IDR 85,000",
    "CUISINES": "Asian, Indonesian",
    "Meals": "Drinks"
}, {
    "image": "https://media-cdn.tripadvisor.com/media/photo-s/01/bb/32/0e/comfortable-sofas-to.jpg",
    "cafeName": "Suko Wine Lounge",
    "cafeAddress": "Jl. Laksda Adisucipto Km. 8.7 Sheraton Mustika Yogyakarta Resort & Spa, Maguwoharjo, Depok 55221 Indonesia",
    "rating": "4.5 ",
    "CUISINES": "Wine Bar",
    "Meals": "Breakfast, Lunch, Dinner",
    "FEATURES": "Seating, Reservations, Serves Alcohol, Table Service"
}, {
    "image": "https://media-cdn.tripadvisor.com/media/photo-s/0a/75/e1/d2/img-20160229-112521-largejpg",
    "cafeName": "Atap Cafe & Resto - CLOSED",
    "cafeAddress": "Jl. Sosrowijayan No. 1/113, Yogyakarta 55271 Indonesia",
    "rating": "4.5 ",
    "PRICE_RANGE": "IDR 48,000 - IDR 190,000",
    "CUISINES": "Indonesian, Barbecue, Asian, Grill, Fusion",
    "Meals": "Dinner",
    "FEATURES": "Outdoor Seating, Seating, Serves Alcohol, Table Service"
}, {
    "image": "https://media-cdn.tripadvisor.com/media/photo-s/0c/cb/01/0d/sandwiches-al-formaggio.jpg",
    "cafeName": "The Beans Lab - CLOSED",
    "cafeAddress": "Jl. P. Mangkubumi No. 62-64, Yogyakarta 55232 Indonesia",
    "rating": "4.0 ",
    "CUISINES": "Cafe",
    "Meals": "Breakfast",
    "FEATURES": "Wheelchair Accessible"
}, {
    "image": "https://media-cdn.tripadvisor.com/media/photo-s/0c/7e/69/03/hot-chocolate-espresso.jpg",
    "cafeName": "Kedai Kopi Mataram - CLOSED",
    "cafeAddress": "Jalan Mataram 55B Malioboro Mall Terrace, Yogyakarta 55213 Indonesia",
    "rating": "4.5 ",
    "PRICE_RANGE": "IDR 14,000 - IDR 40,000",
    "CUISINES": "Italian, Cafe",
    "Meals": "Breakfast, Brunch, Late Night",
    "FEATURES": "Outdoor Seating, Seating, Television, Free Wifi, Jazz Bar"
}, {
    "image": "https://media-cdn.tripadvisor.com/media/photo-s/1a/5e/37/52/dika-bakery.jpg",
    "cafeName": "Dika Bakery & Cake Shop - CLOSED",
    "cafeAddress": "Jalan Gajah Mada Blok R6 No. 21-23 Purwo Kinanti, Pakualaman, Yogyakarta 55112 Indonesia",
    "rating": "4.0 ",
    "PRICE_RANGE": "IDR 5,000 - IDR 25,000",
    "CUISINES": "European, Asian, Middle Eastern, Indonesian, Central Asian",
    "Meals": "Brunch, Breakfast, Lunch, Dinner"
}, {
    "image": "https://media-cdn.tripadvisor.com/media/photo-s/1a/91/f3/df/tempat-sangat-nyaman.jpg",
    "cafeName": "Blackdoor Lounge & KTV",
    "cafeAddress": "Jl. Pajeksan No.55 Sosromenduran, Gondomanan, Yogyakarta 55122 Indonesia",
    "rating": "5.0 ",
    "PRICE_RANGE": "IDR 25,000 - IDR 2,500,000",
    "CUISINES": "Chinese, International, Asian, Indonesian",
    "Meals": "Lunch, Dinner, Late Night, Drinks",
    "FEATURES": "Takeout, Reservations, Private Dining, Seating, Parking Available, Validated Parking, Television, Highchairs Available, Serves Alcohol, Full Bar, Wine and Beer, Free Wifi, Table Service, Live Music"
}, {
    "image": "https://media-cdn.tripadvisor.com/media/photo-s/0d/e6/0a/fa/photo1jpg",
    "cafeName": "Lotek & Gado-Gado Bu Ning",
    "cafeAddress": "Gg. Pronocitro No. 719, Yogyakarta 55151 Indonesia",
    "rating": "4.0 ",
    "CUISINES": "Asian, Indonesian",
    "Meals": "Lunch"
}, {
    "image": "https://media-cdn.tripadvisor.com/media/photo-s/0f/42/61/ee/ta-img-20170513-215428.jpg",
    "cafeName": "EspressoHood - CLOSED",
    "cafeAddress": "Jl. Malioboro No.60 Opposite Of Mal Malioboro, Yogyakarta 55213 Indonesia",
    "rating": "4.0 ",
    "CUISINES": "Italian, French, Cafe, Asian, Indonesian"
}, {
    "image": "https://media-cdn.tripadvisor.com/media/photo-s/14/03/aa/fa/20180805103721-img-3358.jpg",
    "cafeName": "Treat Local Dessert",
    "cafeAddress": "Jl. Gajah Mada no. 60 Pakualaman, Yogyakarta 55112 Indonesia",
    "rating": "4.5 ",
    "PRICE_RANGE": "IDR 20,000 - IDR 65,000",
    "CUISINES": "Indonesian",
    "Meals": "Drinks",
    "FEATURES": "Reservations, Takeout, Seating, Parking Available, Street Parking, Free Wifi, Delivery, Wheelchair Accessible, Accepts Credit Cards, Family style"
}, {
    "image": "https://media-cdn.tripadvisor.com/media/photo-s/09/d2/da/02/p-20151222-101840-largejpg",
    "cafeName": "Tea Factory - CLOSED",
    "cafeAddress": "Jln. Bumijo No. 2, Yogyakarta 55232 Indonesia",
    "rating": "4.0 ",
    "CUISINES": "Cafe, Asian, Taiwanese",
    "Meals": "Drinks"
}, {
    "image": "https://media-cdn.tripadvisor.com/media/photo-s/0f/cc/9e/7f/part-of-fantastic-people.jpg",
    "cafeName": "Simon Says Jogja Coffee - CLOSED",
    "cafeAddress": "Sosrowijayan St Sosromenduran, Gedong Tengen, Yogyakarta 55272 Indonesia",
    "rating": "4.5 ",
    "PRICE_RANGE": "IDR 10,000 - IDR 25,000"
}, {
    "image": "https://media-cdn.tripadvisor.com/media/photo-p/0b/74/97/9b/interior.jpg",
    "cafeName": "Bakpia & Pia Djogja - CLOSED",
    "cafeAddress": "Km. 3 Jln. Wates, Yogyakarta 55182 Indonesia",
    "rating": "4.5 ",
    "CUISINES": "Indonesian"
}, {
    "image": "https://media-cdn.tripadvisor.com/media/photo-s/0b/90/0d/82/photo1jpg",
    "cafeName": "Kongkalikong Dine and Coffee House",
    "cafeAddress": "Jl. Taman Siswa No.6 Wirogunan, Mergangsan, Yogyakarta 55111 Indonesia",
    "rating": "4.0 ",
    "CUISINES": "Asian, Indonesian",
    "Meals": "Lunch, Dinner",
    "FEATURES": "Reservations"
}, {
    "image": "https://media-cdn.tripadvisor.com/media/photo-s/14/08/74/b1/sastakarta.jpg",
    "cafeName": "Sastakarta - CLOSED",
    "cafeAddress": "Jl. Dagen No. 14, Yogyakarta 55271 Indonesia",
    "rating": "4.5 ",
    "CUISINES": "Asian, Indonesian"
}, {
    "image": "https://media-cdn.tripadvisor.com/media/photo-s/14/e4/b5/94/forty-four-coffee.jpg",
    "cafeName": "Forty Four Eatery & Baking studio - CLOSED",
    "cafeAddress": "Jalan Gandekan Lor No. 44 Wakeup Homestay, Yogyakarta 55272 Indonesia",
    "rating": "4.0 ",
    "PRICE_RANGE": "IDR 18,000 - IDR 35,000",
    "CUISINES": "Southwestern, Asian, Indonesian",
    "Meals": "Breakfast, Lunch, Dinner, Brunch"
}, {
    "image": "https://media-cdn.tripadvisor.com/media/photo-s/17/bc/13/ad/easy-garden-at-sunset.jpg",
    "cafeName": "Easy Garden Restaurant & Cafe",
    "cafeAddress": "Jl. Suryodiningratan 10 Mantrijeron, Yogyakarta 55141 Indonesia",
    "rating": "4.5 ",
    "PRICE_RANGE": "IDR 35,000 - IDR 120,000",
    "CUISINES": "Mexican, European, Indonesian, Pizza, International, Asian, Grill",
    "Special_Diets": "Vegetarian Friendly",
    "Meals": "Lunch, Dinner, Late Night, Drinks",
    "FEATURES": "Takeout, Reservations, Outdoor Seating, Seating, Free Wifi, Table Service, Parking Available, Street Parking, Free off-street parking, Highchairs Available, Serves Alcohol, Full Bar, Wine and Beer, Accepts Mastercard, Accepts Visa, Digital Payments, Accepts Credit Cards, Live Music"
}, {
    "image": "https://media-cdn.tripadvisor.com/media/photo-s/23/ee/35/1f/barley-barrel-beer-garden.jpg",
    "cafeName": "Barley & Barrel Beer Garden",
    "cafeAddress": "Jalan Urip Sumoharjo 37 Yogyakarta Lobby Level Of Artotel Suites Bianti Yogyakarta, Yogyakarta 55222 Indonesia",
    "rating": "4.0 ",
    "PRICE_RANGE": "IDR 555,555,968 - IDR 2,147,483,647",
    "CUISINES": "International, Wine Bar, Beer restaurants, Asian, Indonesian",
    "Meals": "Lunch, Dinner, Late Night, Drinks",
    "FEATURES": "Reservations, Outdoor Seating, Private Dining, Seating, Parking Available, Highchairs Available, Serves Alcohol, Full Bar, Wine and Beer, Free Wifi, Accepts Credit Cards, Table Service, Live Music, Jazz Bar, Gift Cards Available"
}, {
    "image": "https://media-cdn.tripadvisor.com/media/photo-s/0b/e4/15/ba/photo0jpg",
    "cafeName": "Mangkok Mie & Resto - CLOSED",
    "cafeAddress": "Jl. Wolter Monginsidi No. 5A, Yogyakarta 55241 Indonesia",
    "rating": "4.0 ",
    "CUISINES": "Asian, Indonesian"
}, {
    "image": "https://media-cdn.tripadvisor.com/media/photo-s/0d/29/91/37/p-20160930-221419-01.jpg",
    "cafeName": "Melting Pot Eatery & Coffee - CLOSED",
    "cafeAddress": "Jln. Suryodiningratan 37-B, Yogyakarta 55141 Indonesia",
    "rating": "4.0 ",
    "PRICE_RANGE": "IDR 5,000 - IDR 90,000"
}, {
    "image": "https://media-cdn.tripadvisor.com/media/photo-s/18/b3/3d/3f/cute-place-in-jl-prawirotaman.jpg",
    "cafeName": "As Coffee - CLOSED",
    "cafeAddress": "Jl. Prawirotaman No.29, Yogyakarta 55153 Indonesia",
    "rating": "4.5 ",
    "CUISINES": "Cafe"
}, {
    "image": "https://media-cdn.tripadvisor.com/media/photo-s/12/13/df/b2/tempat-nongkrong-paling.jpg",
    "cafeName": "Bilik Koffie - CLOSED",
    "cafeAddress": "Jl Tut Harsono No. 72, Yogyakarta 55165 Indonesia",
    "rating": "4.0 ",
    "CUISINES": "Italian, Chinese, International, Asian, Indonesian"
}, {
    "image": "https://media-cdn.tripadvisor.com/media/photo-s/15/7d/bf/35/20181123-200836-largejpg",
    "cafeName": "R & B Grill",
    "cafeAddress": "Jl. R.W. Monginsidi No.37, Yogyakarta 55241 Indonesia",
    "rating": "4.0 ",
    "CUISINES": "American, Steakhouse, Barbecue, International",
    "Meals": "Lunch, Dinner, Brunch, Late Night",
    "FEATURES": "Takeout, Reservations, Outdoor Seating, Seating, Parking Available, Wheelchair Accessible, Serves Alcohol, Table Service, Highchairs Available, Live Music, Jazz Bar"
}, {
    "image": "https://media-cdn.tripadvisor.com/media/photo-s/1b/65/f5/10/this-is-volk-bar-kitchen.jpg",
    "cafeName": "Volk Kitchen & Bar",
    "cafeAddress": "Jl. Tirtodipuran No.52 Mantrijeron, Yogyakarta 55143 Indonesia",
    "rating": "5.0 ",
    "Meals": "Dinner"
}, {
    "image": "https://media-cdn.tripadvisor.com/media/photo-s/06/33/c2/fb/jl-coffee-house.jpg",
    "cafeName": "JL Coffee House - CLOSED",
    "cafeAddress": "Jl. Suryodiningratan No. 67, Yogyakarta 55142 Indonesia",
    "rating": "4.5 ",
    "PRICE_RANGE": "IDR 34,000 - IDR 169,000",
    "CUISINES": "Dutch, Cafe, European",
    "Meals": "Lunch, Dinner, Brunch",
    "FEATURES": "Seating, Reservations, Outdoor Seating"
}, {
    "image": "https://media-cdn.tripadvisor.com/media/photo-s/08/85/54/86/vieta-cafe-resto.jpg",
    "cafeName": "Vieta Cafe & Resto - CLOSED",
    "cafeAddress": "Jl. Dr. Sardjito No.11 Terban, Kec. Gondokusuman, Yogyakarta 55233 Indonesia",
    "rating": "4.5 ",
    "CUISINES": "Fusion"
}, {
    "image": "https://media-cdn.tripadvisor.com/media/photo-s/11/be/9c/cd/photo0jpg",
    "cafeName": "Liquid Bar & Kitchen",
    "cafeAddress": "Jl. Magelang - Yogyakarta KM.4,5 No.158, Yogyakarta 55231 Indonesia",
    "rating": "4.0 "
}, {
    "image": "https://media-cdn.tripadvisor.com/media/photo-s/1a/21/15/45/photo3jpg",
    "cafeName": "The Harvest Patissier & Chocolatier",
    "cafeAddress": "Jl. C Simanjuntak No. 5 Terban Gondokusuman, Yogyakarta 55223 Indonesia",
    "rating": "4.5 ",
    "CUISINES": "Cafe, International, European, Asian, Healthy, Indonesian"
}, {
    "image": "https://media-cdn.tripadvisor.com/media/photo-s/10/cb/e1/87/img-20170711-wa0001-largejpg",
    "cafeName": "Tigra Bar & Restoran - CLOSED",
    "cafeAddress": "Jl. Parangtritis No. 12, Yogyakarta 55142 Indonesia",
    "rating": "5.0 ",
    "CUISINES": "Italian, Chinese, International, Asian, Thai, Indonesian",
    "Meals": "Lunch, Dinner"
}, {
    "image": "https://media-cdn.tripadvisor.com/media/photo-s/07/49/0e/bf/interior.jpg",
    "cafeName": "CHATS Coffee Shop & Gallery - CLOSED",
    "cafeAddress": "Jln. Tentara Pelajar No. 59, Yogyakarta 55581 Indonesia",
    "rating": "4.0 ",
    "CUISINES": "Italian, French, Fusion, Australian"
}, {
    "image": "https://media-cdn.tripadvisor.com/media/photo-s/08/3d/21/5d/getlstd-property-photo.jpg",
    "cafeName": "X.O Café & Bistro - CLOSED",
    "cafeAddress": "Jl. Tri Margo No. 11, Yogyakarta 55241 Indonesia",
    "rating": "4.0 ",
    "PRICE_RANGE": "IDR 31,000 - IDR 140,000",
    "CUISINES": "Asian, Indonesian, Italian, French, Chinese, American, Malaysian",
    "Meals": "Lunch, Dinner, Breakfast",
    "FEATURES": "Takeout, Reservations, Outdoor Seating, Seating, Parking Available, Street Parking, Validated Parking, Highchairs Available, Wheelchair Accessible, Accepts American Express, Accepts Mastercard, Accepts Visa, Free Wifi, Accepts Credit Cards, Table Service"
}, {
    "image": "https://media-cdn.tripadvisor.com/media/photo-s/18/a4/11/8c/our-main-gate.jpg",
    "cafeName": "Agenda Resto & Vibes - CLOSED",
    "cafeAddress": "Jl. Gerilya No. 629, Yogyakarta 55153 Indonesia",
    "rating": "4.0 ",
    "PRICE_RANGE": "IDR 80,000 - IDR 300,000",
    "CUISINES": "Italian, American, Bar, Asian, Indonesian",
    "Special_Diets": "Vegetarian Friendly",
    "Meals": "Brunch, Lunch, Dinner, Drinks",
    "FEATURES": "Takeout, Reservations, Seating, Parking Available, Validated Parking, Wheelchair Accessible, Serves Alcohol, Table Service, Street Parking, Valet Parking, Wine and Beer, Free Wifi, Live Music"
}, {
    "image": "https://media-cdn.tripadvisor.com/media/photo-s/0d/62/af/7d/coffee-time.jpg",
    "cafeName": "Luwabica - Organic Kopi Luwak - CLOSED",
    "cafeAddress": "Jl. Pugeran Timur No. 594 Mantrijeron II, Yogyakarta 55141 Indonesia",
    "rating": "4.5 ",
    "PRICE_RANGE": "IDR 158,730,000 - IDR 555,555,968",
    "CUISINES": "Cafe",
    "Meals": "Drinks",
    "FEATURES": "Outdoor Seating, Serves Alcohol, Cash Only, Free Wifi"
}, {
    "image": "https://media-cdn.tripadvisor.com/media/photo-s/16/b9/22/d4/p-20190309-082009-vhdr.jpg",
    "cafeName": "Pempek & Siomay Ulu Bundar - CLOSED",
    "cafeAddress": "Kpg. Terban Barat Dekat Mirota Kampus & Bunderan UGM, Yogyakarta 55223 Indonesia",
    "rating": "4.0 ",
    "CUISINES": "Asian, Indonesian",
    "Meals": "Dinner, Lunch"
}, {
    "image": "https://media-cdn.tripadvisor.com/media/photo-s/08/ef/5a/4b/photo0jpg",
    "cafeName": "Mary Anne's Ice Cream & Resto - CLOSED",
    "cafeAddress": "Jl. Kebon Sari No. 2 Gowongan, Kec. Jetis, Yogyakarta 55233 Indonesia",
    "rating": "4.0 ",
    "CUISINES": "Indonesian, Asian, Fusion",
    "Meals": "Dinner",
    "FEATURES": "Seating, Reservations, Outdoor Seating, Live Music"
}, {
    "image": "https://media-cdn.tripadvisor.com/media/photo-s/09/c3/9f/2d/paris-bakery-and-cafe.jpg",
    "cafeName": "Paris Bakery and Cafe - CLOSED",
    "cafeAddress": "Jl. AM. Sangaji 68A, Yogyakarta 55233 Indonesia",
    "rating": "4.0 ",
    "CUISINES": "French, Cafe, European",
    "Meals": "Breakfast",
    "FEATURES": "Seating"
}, {
    "image": "https://media-cdn.tripadvisor.com/media/photo-s/1b/c1/b6/b1/the-best-bluder-and-bakery.jpg",
    "cafeName": "Hikaru Bakehouse Bluder & Oleh-Oleh Khas Jogja",
    "cafeAddress": "Jl. Colombo No.4 Hikaru Dining, Yogyakarta 55281 Indonesia",
    "rating": "5.0 ",
    "Meals": "Breakfast, Lunch, Dinner"
}, {
    "image": "https://media-cdn.tripadvisor.com/media/photo-s/11/83/86/b0/getlstd-property-photo.jpg",
    "cafeName": "Tirana Kitchen - CLOSED",
    "cafeAddress": "Jl. Suryodiningratan No. 55, Yogyakarta 55141 Indonesia",
    "rating": "4.5 ",
    "PRICE_RANGE": "IDR 15,000 - IDR 25,000",
    "CUISINES": "Brew Pub, Cafe, Fast Food, Asian, Pub, Diner, Indonesian"
}, {
    "image": "https://media-cdn.tripadvisor.com/media/photo-s/09/5f/6e/5d/dolce-vita-pastry-coffee.jpg",
    "cafeName": "Dolce Vita Pastry & Coffee - CLOSED",
    "cafeAddress": "Jl. Dr. Wahidin 44 E, Yogyakarta 55222 Indonesia",
    "rating": "4.0 ",
    "CUISINES": "Cafe, Fusion"
}, {
    "image": "https://media-cdn.tripadvisor.com/media/photo-s/08/4d/dd/a0/kobayashi.jpg",
    "cafeName": "Kobayashi Pattisserie & Boulangerie",
    "cafeAddress": "Jl. Magelang KM.1 No.54 Karangwaru, Tegalrejo, Yogyakarta 55242 Indonesia",
    "rating": "4.0 ",
    "CUISINES": "European, Asian",
    "Meals": "Brunch, Late Night",
    "FEATURES": "Delivery, Takeout, Reservations, Outdoor Seating, Seating, Parking Available, Street Parking, Accepts Mastercard, Accepts Visa, Cash Only, Free Wifi, Accepts Credit Cards"
}, {
    "image": "",
    "cafeName": "The Point Coffee - CLOSED",
    "cafeAddress": "Jl. Cik Di Tiro No.38, Yogyakarta 55223 Indonesia",
    "rating": "4.5 ",
    "CUISINES": "Cafe"
}, {
    "image": "https://media-cdn.tripadvisor.com/media/photo-s/0b/39/72/1f/miwiti-ambiance.jpg",
    "cafeName": "Miwiti Coffee - CLOSED",
    "cafeAddress": "Jl. AM Sangaji, Kav. 16-18 Jetis, Yogyakarta 55000 Indonesia",
    "rating": "4.5 "
}, {
    "image": "https://media-cdn.tripadvisor.com/media/photo-s/0e/f1/69/ed/img-20170407-125721-440.jpg",
    "cafeName": "Waroeng Steak & Shake - Tamansiswa Jogja",
    "cafeAddress": "Jl. Taman Siswa No. 83 Mergangsan, Yogyakarta 55151 Indonesia",
    "rating": "4.0 ",
    "CUISINES": "Steakhouse",
    "Meals": "Lunch, Dinner"
}, {
    "image": "https://media-cdn.tripadvisor.com/media/photo-s/0f/c6/8b/d5/photo0jpg",
    "cafeName": "Ruang Seduh Jogja - CLOSED",
    "cafeAddress": "Jl. Prawirotaman I/16 Brontokusuman, Mergangsan, Yogyakarta 55143 Indonesia",
    "rating": "4.5 ",
    "PRICE_RANGE": "IDR 396,824,992 - IDR 714,286,016",
    "CUISINES": "Cafe",
    "Meals": "Drinks",
    "FEATURES": "Seating, Outdoor Seating, Parking Available, Valet Parking, Digital Payments, Free Wifi"
}, {
    "image": "https://media-cdn.tripadvisor.com/media/photo-s/10/38/80/55/getlstd-property-photo.jpg",
    "cafeName": "Arjuna Coffee Shop and Garden Resto",
    "cafeAddress": "Jl. Mangkuyudan No. 47 Arjuna Homestay, Yogyakarta 55143 Indonesia",
    "rating": "5.0 ",
    "PRICE_RANGE": "IDR 30,000 - IDR 130,000",
    "CUISINES": "Bar, Pizza, Barbecue, European, Asian, Pub, Indonesian",
    "Meals": "Breakfast, Lunch, Dinner",
    "FEATURES": "Takeout, Outdoor Seating, Seating, Parking Available, Television, Serves Alcohol, Cash Only, Free Wifi, Reservations"
}, {
    "image": "https://media-cdn.tripadvisor.com/media/photo-s/09/4e/8b/fa/jpeg-20151021-095000.jpg",
    "cafeName": "Kopa Kopi Coffee Roasters",
    "cafeAddress": "Jl. Waringin Sari I No. C10 Santren, Caturtunggal, Depok 55283 Indonesia",
    "rating": "4.5 ",
    "PRICE_RANGE": "IDR 10,000 - IDR 20,000",
    "CUISINES": "Indonesian"
}, {
    "image": "https://media-cdn.tripadvisor.com/media/photo-w/1c/49/2c/0d/garden.jpg",
    "cafeName": "Kopi Luwak - CLOSED",
    "cafeAddress": "Jalan Malioboro No. 52-58 Malioboro Mall, Yogyakarta Indonesia",
    "rating": "3.5 ",
    "CUISINES": "Cafe",
    "FEATURES": "Seating"
}, {
    "image": "https://media-cdn.tripadvisor.com/media/photo-s/06/02/3b/c1/lucifer-bar-resto.jpg",
    "cafeName": "Lucifer Bar & Resto",
    "cafeAddress": "Jl. Sosrowijayan No. 71, Yogyakarta 55271 Indonesia",
    "rating": "3.5 ",
    "CUISINES": "Bar, Pub",
    "Meals": "Drinks",
    "FEATURES": "Seating, Serves Alcohol, Full Bar, Table Service, Live Music"
}, {
    "image": "https://media-cdn.tripadvisor.com/media/photo-s/0c/c8/fd/a2/photo0jpg",
    "cafeName": "Mount Merapi Bistro & Bakery - CLOSED",
    "cafeAddress": "Jl. Prawirotaman I 49, Yogyakarta 55283 Indonesia",
    "rating": "3.5 ",
    "PRICE_RANGE": "IDR 6,000 - IDR 90,000",
    "CUISINES": "Italian, International, Asian, Indonesian"
}, {
    "image": "https://media-cdn.tripadvisor.com/media/photo-s/14/3d/a0/60/upload-steak-mie-tenderloin.jpg",
    "cafeName": "Upload Steak & Mie",
    "cafeAddress": "Jl. Parangtritis No.41 100 meter south Jokteng Wetan, front of Masjid Danunegaran, Yogyakarta 55143 Indonesia",
    "rating": "3.5 ",
    "CUISINES": "Asian, Indonesian"
}, {
    "image": "https://media-cdn.tripadvisor.com/media/photo-s/17/70/d5/4c/cozy-spot-in-the-centre.jpg",
    "cafeName": "Sakapatat Brew House & Resto",
    "cafeAddress": "Jl. Pakuningratan No.34, Yogyakarta 55233 Indonesia",
    "rating": "3.5 ",
    "CUISINES": "Bar, Pub, American, Belgian, European, Grill",
    "Meals": "Lunch, Dinner, Late Night, Drinks",
    "FEATURES": "Seating, Takeout, Reservations, Outdoor Seating, Parking Available, Free off-street parking, Highchairs Available, Serves Alcohol, Wine and Beer, Accepts Credit Cards, Table Service"
}, {
    "image": "https://media-cdn.tripadvisor.com/media/photo-s/09/fa/ca/29/warung-goa-indian-food.jpg",
    "cafeName": "Warung GOA Indian Food & Rooms - CLOSED",
    "cafeAddress": "Jl. Prawirotaman No.17, Yogyakarta 55153 Indonesia",
    "rating": "3.5 ",
    "PRICE_RANGE": "IDR 5,000 - IDR 45,000",
    "CUISINES": "Indian",
    "Meals": "Lunch, Dinner",
    "FEATURES": "Delivery, Takeout, Outdoor Seating, Seating, Parking Available, Street Parking, Television, Serves Alcohol, Free Wifi"
}, {
    "image": "https://media-cdn.tripadvisor.com/media/photo-s/0e/26/c1/0d/img-20170109-102242-951.jpg",
    "cafeName": "Peacock Coffee - CLOSED",
    "cafeAddress": "Jln. AM. Sangaji No. 72, Yogyakarta 55233 Indonesia",
    "rating": "3.5 ",
    "CUISINES": "Cafe",
    "Meals": "Breakfast, Lunch, Dinner",
    "FEATURES": "Seating"
}, {
    "image": "https://media-cdn.tripadvisor.com/media/photo-s/0a/de/96/2e/ini-dia-eskrim-green.jpg",
    "cafeName": "Amore Eats & Drinks - CLOSED",
    "cafeAddress": "Jln. Prawiritaman No. 49, Yogyakarta 55153 Indonesia",
    "rating": "3.5 ",
    "CUISINES": "Pizza, Italian, Steakhouse, Asian",
    "Meals": "Dinner",
    "FEATURES": "Seating, Table Service"
}, {
    "image": "",
    "cafeName": "Bengawan Solo Coffee - CLOSED",
    "cafeAddress": "Jl. Jend. Sudirman No.99-101 Terban, Kec. Gondokusuman, Yogyakarta 55224 Indonesia",
    "rating": "3.5 ",
    "CUISINES": "Cafe"
}, {
    "image": "https://media-cdn.tripadvisor.com/media/photo-s/0a/47/07/fe/kasir-semesta-kafe.jpg",
    "cafeName": "Semesta Cafe",
    "cafeAddress": "Jl. Abu Bakar Ali No.2 Gondokusuman, Yogyakarta 55224 Indonesia",
    "rating": "3.5 ",
    "CUISINES": "Asian, Indonesian"
}, {
    "image": "https://media-cdn.tripadvisor.com/media/photo-s/10/b2/97/18/photo0jpg",
    "cafeName": "Gading Resto and Cafe - CLOSED",
    "cafeAddress": "Jl. Prawirotaman No. 9, Brontokusuman 55153 Indonesia",
    "rating": "3.0 ",
    "CUISINES": "International, Asian, Indonesian",
    "Meals": "Breakfast, Dinner, Lunch",
    "FEATURES": "Outdoor Seating, Seating, Serves Alcohol, Table Service, Reservations, Live Music"
}, {
    "image": "",
    "cafeName": "Javanuts Coffee & Pastry - CLOSED",
    "cafeAddress": "Plaza Ambarrukmo, Caturtunggal 55281 Indonesia",
    "rating": "3.5 ",
    "CUISINES": "Cafe",
    "Meals": "Lunch, Dinner"
}, {
    "image": "https://media-cdn.tripadvisor.com/media/photo-s/0f/48/46/b5/es-nangka-selasih.jpg",
    "cafeName": "Istana Mie & Es Plaza Ambarrukmo - CLOSED",
    "cafeAddress": "Jln. Laksamana Adi Sucipto, No. B17-18 Plaza Ambarrukmo, Caturtunggal 55221 Indonesia",
    "rating": "3.5 ",
    "CUISINES": "Asian, Indonesian"
}, {
    "image": "",
    "cafeName": "Javanuts Coffee & Pastry - CLOSED",
    "cafeAddress": "Plaza Ambarrukmo, Caturtunggal 55281 Indonesia",
    "rating": "3.5 ",
    "CUISINES": "Cafe",
    "Meals": "Lunch, Dinner"
}, {
    "image": "https://media-cdn.tripadvisor.com/media/photo-s/0f/48/46/b5/es-nangka-selasih.jpg",
    "cafeName": "Istana Mie & Es Plaza Ambarrukmo - CLOSED",
    "cafeAddress": "Jln. Laksamana Adi Sucipto, No. B17-18 Plaza Ambarrukmo, Caturtunggal 55221 Indonesia",
    "rating": "3.5 ",
    "CUISINES": "Asian, Indonesian"
}, {
    "image": "https://media-cdn.tripadvisor.com/media/photo-s/0a/10/1f/29/photo0jpg",
    "cafeName": "Lagani Coffee - CLOSED",
    "cafeAddress": "Jl. Komp. Colombo No. 45, Caturtunggal 55281 Indonesia",
    "rating": "4.0 ",
    "CUISINES": "Cafe",
    "Meals": "Breakfast, Lunch, Dinner",
    "FEATURES": "Outdoor Seating, Seating"
}, {
    "image": "https://media-cdn.tripadvisor.com/media/photo-s/13/fb/bd/5d/20180804-154431-largejpg",
    "cafeName": "Qua-li Noodle & Rice - CLOSED",
    "cafeAddress": "Jalan Magelang Km. 6 Jogja City Mall, Sinduadi Indonesia",
    "rating": "3.5 "
}, {
    "image": "https://media-cdn.tripadvisor.com/media/photo-s/0d/b1/32/21/paha-domba-dan-tenderloin.jpg",
    "cafeName": "Mouton Slice & Grill - CLOSED",
    "cafeAddress": "Jl. Tirtodipuran no. 67 Indonesia",
    "rating": "3.5 ",
    "CUISINES": "American, European, Asian, Indonesian"
}, {
    "image": "https://media-cdn.tripadvisor.com/media/photo-s/1c/b2/0e/2f/img20210301122849-largejpg",
    "cafeName": "Gudeg Sagan",
    "cafeAddress": "Jalan Professor Dr. Herman Yohanes 53, Depok 55223 Indonesia",
    "rating": "4.0 ",
    "PRICE_RANGE": "IDR 10,000 - IDR 40,000",
    "CUISINES": "Asian, Healthy, Indonesian",
    "Special_Diets": "Halal",
    "Meals": "Lunch, Dinner, Brunch, Late Night, Drinks",
    "FEATURES": "Takeout, Outdoor Seating, Seating, Table Service, Street Parking, Live Music"
}, {
    "image": "https://media-cdn.tripadvisor.com/media/photo-s/18/50/9b/a1/p-20190629-183231-largejpg",
    "cafeName": "Inkloesif Coffee & Eatery",
    "cafeAddress": "Jl. Prof. Herman Yohanes No.170 Samirono, Caturtunggal, Depok 55223 Indonesia",
    "rating": "4.5 ",
    "CUISINES": "Asian"
}, {
    "image": "https://media-cdn.tripadvisor.com/media/photo-s/02/84/94/70/filename-2-jpg",
    "cafeName": "Bamboo House Cafe and Restaurant",
    "cafeAddress": "Jl. Prawirotaman 2 Timuran No.616, Brontokusuman 55153 Indonesia",
    "rating": "4.5 ",
    "PRICE_RANGE": "IDR 32,000 - IDR 79,000",
    "CUISINES": "Indonesian, Chinese, European, Asian",
    "Meals": "Dinner, Lunch, Drinks",
    "FEATURES": "Seating, Reservations, Serves Alcohol, Table Service"
}, {
    "image": "",
    "cafeName": "Mie Kriting Medan & Chinese Food",
    "cafeAddress": "Jalan Magelang KM 4,5 No.52C Rogoyudan, Sinduadi 55284 Indonesia",
    "rating": "4.5 "
}, {
    "image": "https://media-cdn.tripadvisor.com/media/photo-s/0e/08/cc/c4/20170102-185512-largejpg",
    "cafeName": "Waroeng Steak & Shake - CLOSED",
    "cafeAddress": "Jl. Colombo No. 22, Caturtunggal 55281 Indonesia",
    "rating": "3.5 ",
    "CUISINES": "Steakhouse",
    "Special_Diets": "Halal",
    "Meals": "Dinner, Lunch",
    "FEATURES": "Wheelchair Accessible, Seating"
}, {
    "image": "https://media-cdn.tripadvisor.com/media/photo-s/09/d7/83/4b/p-20151224-203338-largejpg",
    "cafeName": "SeRae Coffee & Kitchen - CLOSED",
    "cafeAddress": "Jl. Tri Brata No. 1, Klitren 55222 Indonesia",
    "rating": "3.5 ",
    "CUISINES": "Chinese, American, Asian, Indonesian, Japanese",
    "Meals": "Breakfast, Brunch, Drinks, Lunch, Dinner",
    "FEATURES": "Takeout, Seating, Free Wifi, Parking Available, Street Parking, Validated Parking, Free off-street parking, Television, Highchairs Available, Wheelchair Accessible, Accepts Mastercard, Accepts Visa, Digital Payments, Cash Only, Reservations, Accepts Credit Cards"
}, {
    "image": "https://media-cdn.tripadvisor.com/media/photo-s/0e/30/80/98/p-20170118-193224-largejpg",
    "cafeName": "Starbucks - CLOSED",
    "cafeAddress": "Jln. Tri Brata No. 2B, Klitren 55222 Indonesia",
    "rating": "3.5 ",
    "CUISINES": "American"
}, {
    "image": "https://media-cdn.tripadvisor.com/media/photo-s/0b/6a/00/74/otentikopi.jpg",
    "cafeName": "OtentiKopi Plus",
    "cafeAddress": "Jl. Lowanu Sorosutan, Kec. Umbulharjo, 55162 Indonesia",
    "rating": "3.5 ",
    "CUISINES": "Cafe"
}, {
    "image": "https://media-cdn.tripadvisor.com/media/photo-s/15/38/12/b2/img-20181101-211942-496.jpg",
    "cafeName": "K'meals Bar & Resto",
    "cafeAddress": "Jl. Prawirotaman No. 20, Brontokusuman 55153 Indonesia",
    "rating": "4.0 ",
    "PRICE_RANGE": "IDR 30,000 - IDR 55,000",
    "CUISINES": "Bar, Asian, Pub, Pizza, Indonesian",
    "Special_Diets": "Vegetarian Friendly, Vegan Options",
    "Meals": "Lunch, Brunch, Dinner, Late Night",
    "FEATURES": "Takeout, Street Parking, Serves Alcohol, Wine and Beer, Accepts Mastercard, Accepts Visa, Free Wifi, Reservations, Outdoor Seating, Seating, Full Bar, Table Service, Delivery, Accepts Credit Cards, Live Music"
}, {
    "image": "https://media-cdn.tripadvisor.com/media/photo-s/0c/a6/3f/e2/20160802-100549-largejpg",
    "cafeName": "Lotek & Gado-Gado Colombo Bu Bagyo",
    "cafeAddress": "Jl. Moses Gatotkaca No.3 Mrican, Depok 55281 Indonesia",
    "rating": "4.0 ",
    "CUISINES": "Indonesian, Asian",
    "Special_Diets": "Halal, Vegetarian Friendly, Vegan Options",
    "Meals": "Lunch, Breakfast, Brunch"
}, {
    "image": "https://media-cdn.tripadvisor.com/media/photo-s/0b/dd/16/f1/soto-kadipiro-3-tampak.jpg",
    "cafeName": "Soto Kadipiro",
    "cafeAddress": "Jl. Wates No. 46, Ngestiharjo 55182 Indonesia",
    "rating": "4.0 ",
    "CUISINES": "Asian, Indonesian, Soups",
    "Special_Diets": "Halal",
    "Meals": "Breakfast, Lunch",
    "FEATURES": "Takeout, Seating, Parking Available, Table Service"
}, {
    "image": "https://media-cdn.tripadvisor.com/media/photo-s/16/66/5b/8c/interiornya-jadul.jpg",
    "cafeName": "Tojoyo 3",
    "cafeAddress": "Jln. Urip Sumoharjo No. 133, Klitren 55222 Indonesia",
    "rating": "4.0 ",
    "CUISINES": "Asian, Indonesian",
    "Special_Diets": "Halal",
    "Meals": "Lunch, Dinner",
    "FEATURES": "Delivery, Takeout, Seating, Table Service"
}, {
    "image": "https://media-cdn.tripadvisor.com/media/photo-s/15/72/0d/d9/img-20181118-192916-largejpg",
    "cafeName": "Forest Kitchen and Gelato - CLOSED",
    "cafeAddress": "Jl. Laksda Adisucipto KM.6,7 No.48 Ambarukmo, Caturtunggal 55221 Indonesia",
    "rating": "3.5 ",
    "CUISINES": "Chinese, International, Asian, Indonesian",
    "Meals": "Dinner",
    "FEATURES": "Reservations"
}, {
    "image": "https://media-cdn.tripadvisor.com/media/photo-s/08/37/0e/7e/qua-li-noodle-rice.jpg",
    "cafeName": "Qua-Li Noodle & Rice",
    "cafeAddress": "Jl. Laksda Adisucipto Unit A1, 3rd Floor, Plaza Ambarrukmo, Caturtunggal 55281 Indonesia",
    "rating": "3.5 ",
    "CUISINES": "Asian, Indonesian, Chinese",
    "FEATURES": "Parking Available, Wheelchair Accessible"
}, {
    "image": "https://media-cdn.tripadvisor.com/media/photo-o/09/3e/6e/7d/nasi-rames.jpg",
    "cafeName": "Spark Resto And Sports Bar",
    "cafeAddress": "Jl. Prawirotaman No. 1, Brontokusuman 55153 Indonesia",
    "rating": "4.0 ",
    "PRICE_RANGE": "IDR 8,000 - IDR 180,000",
    "CUISINES": "Chinese, European, Indonesian, Czech, Bar, Pub, Asian",
    "Special_Diets": "Vegetarian Friendly",
    "Meals": "Dinner, Late Night, Drinks, Lunch",
    "FEATURES": "Delivery, Takeout, Reservations, Seating, Television, Wheelchair Accessible, Accepts Mastercard, Accepts Visa, Cash Only, Free Wifi, Accepts Credit Cards"
}, {
    "image": "https://media-cdn.tripadvisor.com/media/photo-s/08/89/bc/dd/rasane-seafood-ikan-bakar.jpg",
    "cafeName": "Rasane Seafood & Ikan Bakar - CLOSED",
    "cafeAddress": "Jl. Palagan Tentara Pelajar Km.8 North of Hyatt Hotel, Sariharjo 55581 Indonesia",
    "rating": "4.0 ",
    "CUISINES": "Seafood",
    "Meals": "Dinner"
}, {
    "image": "https://media-cdn.tripadvisor.com/media/photo-s/11/a4/49/86/getlstd-property-photo.jpg",
    "cafeName": "Substansi Kopi - CLOSED",
    "cafeAddress": "Jalan Sisingamangaraja No.83, Brontokusuman 55153 Indonesia",
    "rating": "",
    "PRICE_RANGE": "IDR 5,000 - IDR 15,000",
    "CUISINES": "Asian, Indonesian"
}, {
    "image": "https://media-cdn.tripadvisor.com/media/photo-s/17/ff/f8/05/kisok.jpg",
    "cafeName": "Kiosk Coffee - CLOSED",
    "cafeAddress": "Jl. Parangtritis No.73 Brontokusuman, Kec. Mergangsan, 55143 Indonesia",
    "rating": "",
    "CUISINES": "Bar, Cafe, Asian, Pub, Indonesian"
}, {
    "image": "https://media-cdn.tripadvisor.com/media/photo-p/0a/b9/9c/69/dsc-1083-largejpg",
    "cafeName": "Kobayashi Cafe and Bakery - CLOSED",
    "cafeAddress": "Jl. Urip Sumoharjo No.103 C, Klitren 55222 Indonesia",
    "rating": "3.5 "
}, {
    "image": "",
    "cafeName": "Soto & Sop Sapi Lek Min",
    "cafeAddress": "Jl. Tentara Rakyat Mataram, Bumijo 55231 Indonesia",
    "rating": "",
    "CUISINES": "Asian, Indonesian"
}, {
    "image": "https://media-cdn.tripadvisor.com/media/photo-o/03/f4/0f/1e/sky-wiz-suki-and-dimsum.jpg",
    "cafeName": "Sky-Wiz Suki & Dimsum - CLOSED",
    "cafeAddress": "Jln. Magelang 5,2 Kutu Asem, Sinduadi 55284 Indonesia",
    "rating": "3.5 ",
    "CUISINES": "Asian, Indonesian, Chinese",
    "FEATURES": "Reservations"
}, {
    "image": "https://media-cdn.tripadvisor.com/media/photo-s/12/d5/49/80/the-heart-of-prawirotaman.jpg",
    "cafeName": "Warung Heru",
    "cafeAddress": "Jalan Prawirotaman No. 27, Brontokusuman 55153 Indonesia",
    "rating": "4.0 ",
    "CUISINES": "Asian, Indonesian, Fusion",
    "Special_Diets": "Vegetarian Friendly, Vegan Options, Halal",
    "Meals": "Lunch, Dinner",
    "FEATURES": "Takeout, Seating, Serves Alcohol, Table Service, Reservations"
}, {
    "image": "https://media-cdn.tripadvisor.com/media/photo-s/04/30/db/ed/aglioo.jpg",
    "cafeName": "Aglioo Pizza And Pasta - CLOSED",
    "cafeAddress": "Jl. Prawirotaman 43, Brontokusuman 55153 Indonesia",
    "rating": "4.0 ",
    "CUISINES": "Steakhouse, Italian, Pizza",
    "Special_Diets": "Vegetarian Friendly, Vegan Options",
    "Meals": "Lunch, Dinner, Brunch, Late Night",
    "FEATURES": "Highchairs Available, Reservations, Outdoor Seating, Seating, Television, Serves Alcohol, Full Bar, Accepts Mastercard, Accepts Visa, Free Wifi, Table Service, Delivery"
}, {
    "image": "https://media-cdn.tripadvisor.com/media/photo-p/11/36/27/61/dimakan-hangat-sangat.jpg",
    "cafeName": "Jadah Tempe Mbah Carik Kaliurang",
    "cafeAddress": "Jln. Gejayan Depan Pasar Demangan, Sebelah Diler Motor, Sleman 55281 Indonesia",
    "rating": "4.0 ",
    "CUISINES": "Indonesian, Asian",
    "Special_Diets": "Halal",
    "FEATURES": "Takeout"
}, {
    "image": "https://media-cdn.tripadvisor.com/media/photo-s/17/73/26/7c/suasana-outlet.jpg",
    "cafeName": "Cha-Cha Taiwan Milk Tea - CLOSED",
    "cafeAddress": "Jln. Gejayan Sebelah Utara Gerai Sepatu Bata, Caturtunggal 55281 Indonesia",
    "rating": "4.0 ",
    "Meals": "Drinks"
}, {
    "image": "https://media-cdn.tripadvisor.com/media/photo-p/11/36/27/61/dimakan-hangat-sangat.jpg",
    "cafeName": "Jadah Tempe Mbah Carik Kaliurang",
    "cafeAddress": "Jln. Gejayan Depan Pasar Demangan, Sebelah Diler Motor, Sleman 55281 Indonesia",
    "rating": "4.0 ",
    "CUISINES": "Indonesian, Asian",
    "Special_Diets": "Halal",
    "FEATURES": "Takeout"
}, {
    "image": "https://media-cdn.tripadvisor.com/media/photo-s/11/f9/fd/0c/chatime-tea.jpg",
    "cafeName": "Chatime",
    "cafeAddress": "Jl. C. Simanjuntak No.64 Terban, Kec. Gondokusuman, 55223 Indonesia",
    "rating": "4.0 ",
    "CUISINES": "Asian, Indonesian"
}, {
    "image": "https://media-cdn.tripadvisor.com/media/photo-s/10/4b/02/94/photo1jpg",
    "cafeName": "Wanderlust Coffee Division - CLOSED",
    "cafeAddress": "Jln. Sosrowijayan 1/95, 55271 Indonesia",
    "rating": "4.5 ",
    "PRICE_RANGE": "IDR 15,000 - IDR 40,000",
    "CUISINES": "Cafe, Contemporary",
    "Meals": "Late Night, Drinks",
    "FEATURES": "Accepts Mastercard, Accepts Visa, Digital Payments, Cash Only, Free Wifi, Accepts Credit Cards"
}, {
    "image": "https://media-cdn.tripadvisor.com/media/photo-s/13/f0/fd/ee/ta-img-20180801-132113.jpg",
    "cafeName": "Monoch Kitchen & Coffee",
    "cafeAddress": "Jl. Diponegoro No. 17, Gowongan 55233 Indonesia",
    "rating": "4.5 ",
    "PRICE_RANGE": "IDR 10,000 - IDR 40,000",
    "CUISINES": "Italian, Asian, Indonesian"
}, {
    "image": "https://media-cdn.tripadvisor.com/media/photo-s/0f/60/bf/09/photo0jpg",
    "cafeName": "Platinum Kitchen, Bar & Lounge",
    "cafeAddress": "Jl. Urip Sumoharjo No. 111A, Klitren 55222 Indonesia",
    "rating": "4.5 ",
    "PRICE_RANGE": "IDR 32,000 - IDR 317,000",
    "CUISINES": "Mexican, International, European, Asian, Indonesian",
    "Meals": "Dinner"
}, {
    "image": "https://media-cdn.tripadvisor.com/media/photo-s/07/f6/88/a3/fish-and-co.jpg",
    "cafeName": "Fish and Co",
    "cafeAddress": "Jl. Laksda Adisucipto km 6 Plaza Ambarrukmo 3rd Floor, unit A2-3 & B1, Depok 55281 Indonesia",
    "rating": "3.5 ",
    "CUISINES": "Seafood",
    "Meals": "Dinner, Lunch, Brunch",
    "FEATURES": "Takeout, Seating, Highchairs Available, Table Service"
}, {
    "image": "https://media-cdn.tripadvisor.com/media/photo-s/1b/50/3d/0f/caption.jpg",
    "cafeName": "Kopi Luwak Mataram",
    "cafeAddress": "Jl. Pelemwulung No.15, Banguntapan 55198 Indonesia",
    "rating": "4.0 "
}, {
    "image": "https://media-cdn.tripadvisor.com/media/photo-s/12/90/97/73/kong-djie-coffee.jpg",
    "cafeName": "Kong Djie Coffee - CLOSED",
    "cafeAddress": "Jl. Laksda Adisucilto Km.8 Lobby Core Hotel Jogja, Yogyakarta Indonesia",
    "rating": "5.0 ",
    "CUISINES": "Cafe, Fast Food, Asian, Indonesian"
}, {
    "image": "https://media-cdn.tripadvisor.com/media/photo-s/2a/9a/fe/f9/coklat-omah-jogja-ada.jpg",
    "cafeName": "Coklat Omah Jogja ",
    "cafeAddress": "Jalan pedes godean km 4 Kemusuk Lor, Argomulyo, Sedayu,Bantul, Yogyakarta 55752 Indonesia",
    "rating": "5.0 "
}, {
    "image": "https://media-cdn.tripadvisor.com/media/photo-s/26/c0/b5/fb/6281315888875-add-bangkel.jpg",
    "cafeName": "Omah Singo Stay & Resto",
    "cafeAddress": "Gunung Wangi, Bangkil, Srimulyo, Kec. Piyungan, Yogyakarta 55792 Indonesia",
    "rating": "5.0 ",
    "PRICE_RANGE": "IDR 500,000 - IDR 1,500,000",
    "CUISINES": "Cafe, Indonesian, Diner, Street Food",
    "Meals": "Breakfast, Lunch, Dinner, Drinks",
    "FEATURES": "Reservations, Outdoor Seating, Buffet, Parking Available, Television, Digital Payments, Free Wifi, Table Service, Live Music, Non-smoking restaurants"
}, {
    "image": "",
    "cafeName": "Afternine Grill & Chill - CLOSED",
    "cafeAddress": "Jl. Kaliurang Km 5,3 No. 28, Yogyakarta Indonesia",
    "rating": "3.5 ",
    "CUISINES": "Steakhouse, Asian, Indonesian"
}, {
    "image": "https://media-cdn.tripadvisor.com/media/photo-s/21/99/e7/a5/daily-breakfast.jpg"
}]